"state","state.code","year","population","deaths","vmt"
"Alabama",1,1990,4043643,1121,4.2347e+10
"Alabama",1,1991,4101607,1116,4.2924e+10
"Alabama",1,1992,4155699,1031,4.5762e+10
"Alabama",1,1993,4216208,1044,4.7203e+10
"Alabama",1,1994,4262457,1083,4.8956e+10
"Alabama",1,1995,4298981,1114,5.0628e+10
"Alabama",1,1996,4334219,1146,5.1433e+10
"Alabama",1,1997,4370490,1192,5.3458e+10
"Alabama",1,1998,4408398,1071,5.5205e+10
"Alabama",1,1999,4430141,1138,5.6165e+10
"Alabama",1,2000,4447100,996,5.6534e+10
"Alabama",1,2001,4467634,991,5.6769e+10
"Alabama",1,2002,4480089,1038,5.7515e+10
"Alabama",1,2003,4503491,1004,5.8637e+10
"Alabama",1,2004,4530729,1154,5.9035e+10
"Alabama",1,2005,4569805,1148,5.9661e+10
"Alabama",1,2006,4628981,1207,6.0414e+10
"Alabama",1,2007,4672840,1110,6.141e+10
"Alabama",1,2008,4718206,966,5.9303e+10
"Alabama",1,2009,4757938,848,56060677907.1
"Alabama",1,2010,4779736,862,64162857662.83
"Alaska",2,1990,549982,98,3.91e+09
"Alaska",2,1991,570440,101,4.021e+09
"Alaska",2,1992,589389,108,3.841e+09
"Alaska",2,1993,599884,118,3.918e+09
"Alaska",2,1994,603918,85,4.149e+09
"Alaska",2,1995,605068,87,4.123e+09
"Alaska",2,1996,609231,81,4.115e+09
"Alaska",2,1997,613530,77,4.387e+09
"Alaska",2,1998,620503,70,4.514e+09
"Alaska",2,1999,624779,79,4.545e+09
"Alaska",2,2000,626932,106,4.613e+09
"Alaska",2,2001,633714,89,4.721e+09
"Alaska",2,2002,642337,89,4.896e+09
"Alaska",2,2003,648414,98,4.942e+09
"Alaska",2,2004,659286,101,4.99e+09
"Alaska",2,2005,666946,73,5.035e+09
"Alaska",2,2006,675302,74,4.967e+09
"Alaska",2,2007,680300,84,5.153e+09
"Alaska",2,2008,687455,62,4.865e+09
"Alaska",2,2009,698895,64,4.933e+09
"Alaska",2,2010,710231,56,4798261974.23
"Arizona",4,1990,3670009,869,3.5455e+10
"Arizona",4,1991,3789418,816,3.4929e+10
"Arizona",4,1992,3917373,809,3.5047e+10
"Arizona",4,1993,4066852,801,3.7653e+10
"Arizona",4,1994,4247728,904,3.8774e+10
"Arizona",4,1995,4433841,1035,3.9653e+10
"Arizona",4,1996,4589841,994,4.2123e+10
"Arizona",4,1997,4739994,951,4.3491e+10
"Arizona",4,1998,4886250,980,4.5158e+10
"Arizona",4,1999,5023823,1024,4.6924e+10
"Arizona",4,2000,5130632,1036,4.9216e+10
"Arizona",4,2001,5273477,1051,4.9655e+10
"Arizona",4,2002,5396255,1132,5.1334e+10
"Arizona",4,2003,5510364,1118,5.3896e+10
"Arizona",4,2004,5652404,1151,5.7336e+10
"Arizona",4,2005,5839077,1179,5.9799e+10
"Arizona",4,2006,6029141,1293,6.2468e+10
"Arizona",4,2007,6167681,1066,6.2963e+10
"Arizona",4,2008,6280362,937,6.1628e+10
"Arizona",4,2009,6343154,806,6.1628e+10
"Arizona",4,2010,6392017,759,60062999569.12
"Arkansas",5,1990,2352527,604,2.1011e+10
"Arkansas",5,1991,2384138,608,2.1934e+10
"Arkansas",5,1992,2416429,588,2.3081e+10
"Arkansas",5,1993,2457014,583,2.3995e+10
"Arkansas",5,1994,2494910,609,2.4948e+10
"Arkansas",5,1995,2535835,631,2.6653e+10
"Arkansas",5,1996,2573244,615,2.7809e+10
"Arkansas",5,1997,2602253,660,2.8076e+10
"Arkansas",5,1998,2627564,625,2.8346e+10
"Arkansas",5,1999,2651860,604,2.9247e+10
"Arkansas",5,2000,2673400,652,2.9167e+10
"Arkansas",5,2001,2691571,611,2.9433e+10
"Arkansas",5,2002,2705927,640,3.008e+10
"Arkansas",5,2003,2724816,640,3.0639e+10
"Arkansas",5,2004,2749686,703,3.1648e+10
"Arkansas",5,2005,2781097,654,3.1972e+10
"Arkansas",5,2006,2821761,665,3.3007e+10
"Arkansas",5,2007,2848650,650,3.3171e+10
"Arkansas",5,2008,2874554,600,3.3163e+10
"Arkansas",5,2009,2896843,596,33219433101.03
"Arkansas",5,2010,2915918,571,33504425257.15
"California",6,1990,29829422,5192,2.58926e+11
"California",6,1991,30482745,4688,2.57976e+11
"California",6,1992,30992952,4192,2.62548e+11
"California",6,1993,31296016,4164,2.66408e+11
"California",6,1994,31505058,4232,2.71943e+11
"California",6,1995,31719735,4192,2.76371e+11
"California",6,1996,32046821,3989,2.78043e+11
"California",6,1997,32514514,3688,2.79096e+11
"California",6,1998,33021362,3494,2.9063e+11
"California",6,1999,33499204,3559,3.00066e+11
"California",6,2000,33871648,3753,3.06649e+11
"California",6,2001,34479458,3956,3.10575e+11
"California",6,2002,34871843,4088,3.20942e+11
"California",6,2003,35253159,4224,3.23592e+11
"California",6,2004,35574576,4120,3.28917e+11
"California",6,2005,35827943,4333,3.29267e+11
"California",6,2006,36021202,4240,3.27478e+11
"California",6,2007,36250311,3974,3.28312e+11
"California",6,2008,36604337,3434,3.27286e+11
"California",6,2009,36961229,3090,3.24486e+11
"California",6,2010,37253956,2720,322849397847.77
"Colorado",8,1990,3295529,544,2.7178e+10
"Colorado",8,1991,3387824,543,2.7744e+10
"Colorado",8,1992,3496821,522,3.0808e+10
"Colorado",8,1993,3614735,559,3.2718e+10
"Colorado",8,1994,3725509,586,3.3705e+10
"Colorado",8,1995,3827609,645,3.5058e+10
"Colorado",8,1996,3921395,617,3.6141e+10
"Colorado",8,1997,4018882,613,3.7746e+10
"Colorado",8,1998,4118190,628,3.9283e+10
"Colorado",8,1999,4226018,626,4.0732e+10
"Colorado",8,2000,4301261,681,4.1771e+10
"Colorado",8,2001,4425687,741,4.2955e+10
"Colorado",8,2002,4490406,743,4.3545e+10
"Colorado",8,2003,4528732,642,4.3379e+10
"Colorado",8,2004,4575013,667,4.5891e+10
"Colorado",8,2005,4631888,606,4.7962e+10
"Colorado",8,2006,4720423,535,4.8641e+10
"Colorado",8,2007,4803868,554,4.8713e+10
"Colorado",8,2008,4889730,548,4.786e+10
"Colorado",8,2009,4972195,465,46275792086
"Colorado",8,2010,5029196,450,46939927289.8
"Connecticut",9,1990,3287825,385,2.6303e+10
"Connecticut",9,1991,3303749,310,2.6628e+10
"Connecticut",9,1992,3301385,296,2.6459e+10
"Connecticut",9,1993,3309945,342,2.7019e+10
"Connecticut",9,1994,3316918,310,2.7139e+10
"Connecticut",9,1995,3324324,317,2.8044e+10
"Connecticut",9,1996,3337947,310,2.8135e+10
"Connecticut",9,1997,3349822,339,2.8552e+10
"Connecticut",9,1998,3366615,329,2.9322e+10
"Connecticut",9,1999,3386401,301,2.9929e+10
"Connecticut",9,2000,3405565,341,3.0756e+10
"Connecticut",9,2001,3432835,318,3.0844e+10
"Connecticut",9,2002,3458749,325,3.1205e+10
"Connecticut",9,2003,3484336,298,3.1432e+10
"Connecticut",9,2004,3496094,294,3.1608e+10
"Connecticut",9,2005,3506956,278,3.1675e+10
"Connecticut",9,2006,3517460,311,3.1743e+10
"Connecticut",9,2007,3527270,277,3.2053e+10
"Connecticut",9,2008,3545579,264,3.1737e+10
"Connecticut",9,2009,3561807,224,3.142e+10
"Connecticut",9,2010,3574097,320,31294416647
"Delaware",10,1990,666780,138,6.548e+09
"Delaware",10,1991,683489,102,6.721e+09
"Delaware",10,1992,695038,140,6.892e+09
"Delaware",10,1993,706719,110,6.895e+09
"Delaware",10,1994,717867,112,7.025e+09
"Delaware",10,1995,730099,121,7.515e+09
"Delaware",10,1996,741330,116,7.666e+09
"Delaware",10,1997,751824,143,8.008e+09
"Delaware",10,1998,763841,115,8.204e+09
"Delaware",10,1999,774990,100,8.483e+09
"Delaware",10,2000,783600,123,8.24e+09
"Delaware",10,2001,795699,136,8.615e+09
"Delaware",10,2002,806169,124,8.875e+09
"Delaware",10,2003,818003,142,9.044e+09
"Delaware",10,2004,830803,134,9.301e+09
"Delaware",10,2005,845150,133,9.508e+09
"Delaware",10,2006,859268,148,9.442e+09
"Delaware",10,2007,871749,117,9.483e+09
"Delaware",10,2008,883874,121,8.976e+09
"Delaware",10,2009,891730,116,9.08e+09
"Delaware",10,2010,897934,101,8947671320
"District of Columbia",11,1990,609615,48,3.407e+09
"District of Columbia",11,1991,603671,63,3.43e+09
"District of Columbia",11,1992,600028,50,3.562e+09
"District of Columbia",11,1993,597713,57,3.485e+09
"District of Columbia",11,1994,591238,69,3.448e+09
"District of Columbia",11,1995,582247,58,3.465e+09
"District of Columbia",11,1996,573994,62,3.889e+09
"District of Columbia",11,1997,569116,60,3.326e+09
"District of Columbia",11,1998,566630,54,3.307e+09
"District of Columbia",11,1999,570213,41,3.462e+09
"District of Columbia",11,2000,572059,48,3.498e+09
"District of Columbia",11,2001,574504,68,3.75e+09
"District of Columbia",11,2002,573158,47,3.547e+09
"District of Columbia",11,2003,568502,67,4.15e+09
"District of Columbia",11,2004,567754,43,3.742e+09
"District of Columbia",11,2005,567136,48,3.713e+09
"District of Columbia",11,2006,570681,37,3.623e+09
"District of Columbia",11,2007,574404,44,3.609e+09
"District of Columbia",11,2008,580236,34,3.611e+09
"District of Columbia",11,2009,592228,29,3.608e+09
"District of Columbia",11,2010,601723,24,3590723649.6
"Florida",12,1990,12952277,2891,1.09997e+11
"Florida",12,1991,13371703,2463,1.13319e+11
"Florida",12,1992,13654211,2427,1.19868e+11
"Florida",12,1993,13932066,2636,1.20467e+11
"Florida",12,1994,14244848,2687,1.21989e+11
"Florida",12,1995,14544358,2805,1.27809e+11
"Florida",12,1996,14860585,2753,1.30004e+11
"Florida",12,1997,15194344,2785,1.34027e+11
"Florida",12,1998,15496518,2825,1.37543e+11
"Florida",12,1999,15759421,2920,1.41982e+11
"Florida",12,2000,15982378,2999,1.50945e+11
"Florida",12,2001,16356966,3012,1.70587e+11
"Florida",12,2002,16689370,3136,1.78367e+11
"Florida",12,2003,17004085,3169,1.85511e+11
"Florida",12,2004,17415318,3244,1.96444e+11
"Florida",12,2005,17842038,3518,2.01531e+11
"Florida",12,2006,18166990,3357,2.03741e+11
"Florida",12,2007,18367842,3214,2.06121e+11
"Florida",12,2008,18527305,2978,1.98616e+11
"Florida",12,2009,18652644,2560,194659477766
"Florida",12,2010,18801310,2444,195754713285.17
"Georgia",13,1990,6483380,1562,7.0222e+10
"Georgia",13,1991,6655914,1389,7.3005e+10
"Georgia",13,1992,6820520,1315,7.7904e+10
"Georgia",13,1993,6981614,1394,7.8426e+10
"Georgia",13,1994,7161196,1425,8.2822e+10
"Georgia",13,1995,7333169,1488,8.5384e+10
"Georgia",13,1996,7506543,1573,8.9132e+10
"Georgia",13,1997,7691435,1577,9.353e+10
"Georgia",13,1998,7870311,1568,9.6433e+10
"Georgia",13,1999,8045965,1508,9.9304e+10
"Georgia",13,2000,8186453,1541,1.0501e+11
"Georgia",13,2001,8377038,1647,1.07897e+11
"Georgia",13,2002,8508256,1524,1.08321e+11
"Georgia",13,2003,8622793,1603,1.09246e+11
"Georgia",13,2004,8769252,1634,1.1262e+11
"Georgia",13,2005,8925922,1729,1.13509e+11
"Georgia",13,2006,9155813,1693,1.13532e+11
"Georgia",13,2007,9349988,1641,1.12541e+11
"Georgia",13,2008,9504843,1493,1.09057e+11
"Georgia",13,2009,9620846,1292,1.09258e+11
"Georgia",13,2010,9687653,1247,111722466994.55
"Hawaii",15,1990,1109946,177,8.066e+09
"Hawaii",15,1991,1137471,135,8.143e+09
"Hawaii",15,1992,1159490,129,8.066e+09
"Hawaii",15,1993,1173765,134,7.935e+09
"Hawaii",15,1994,1188875,122,7.924e+09
"Hawaii",15,1995,1198027,130,7.945e+09
"Hawaii",15,1996,1205599,148,8.03e+09
"Hawaii",15,1997,1213103,131,7.947e+09
"Hawaii",15,1998,1217209,120,7.987e+09
"Hawaii",15,1999,1210300,98,8.117e+09
"Hawaii",15,2000,1211537,132,8.543e+09
"Hawaii",15,2001,1225948,140,8.694e+09
"Hawaii",15,2002,1239613,119,8.886e+09
"Hawaii",15,2003,1251154,133,9.312e+09
"Hawaii",15,2004,1273569,142,9.725e+09
"Hawaii",15,2005,1292729,140,1.0083e+10
"Hawaii",15,2006,1309731,161,1.0182e+10
"Hawaii",15,2007,1315675,138,1.0345e+10
"Hawaii",15,2008,1332213,107,1.0278e+10
"Hawaii",15,2009,1346717,109,9.973e+09
"Hawaii",15,2010,1360301,113,9994649304.78
"Idaho",16,1990,1006693,244,9.849e+09
"Idaho",16,1991,1041649,264,1.0318e+10
"Idaho",16,1992,1072047,243,1.0764e+10
"Idaho",16,1993,1108881,230,1.1293e+10
"Idaho",16,1994,1145272,250,1.1652e+10
"Idaho",16,1995,1177589,262,1.2296e+10
"Idaho",16,1996,1203432,258,1.2961e+10
"Idaho",16,1997,1228543,259,1.288e+10
"Idaho",16,1998,1252682,265,1.3428e+10
"Idaho",16,1999,1275674,278,1.3975e+10
"Idaho",16,2000,1293953,276,1.3534e+10
"Idaho",16,2001,1319962,259,1.4078e+10
"Idaho",16,2002,1340372,264,1.4167e+10
"Idaho",16,2003,1363380,293,1.429e+10
"Idaho",16,2004,1391802,260,1.4729e+10
"Idaho",16,2005,1428241,275,1.4866e+10
"Idaho",16,2006,1468669,267,1.5198e+10
"Idaho",16,2007,1505105,252,1.5782e+10
"Idaho",16,2008,1534320,232,1.5251e+10
"Idaho",16,2009,1554439,226,1.5531e+10
"Idaho",16,2010,1567582,209,15801206278.33
"Illinois",17,1990,11443138,1589,8.3334e+10
"Illinois",17,1991,11576175,1448,8.543e+10
"Illinois",17,1992,11698413,1384,8.7642e+10
"Illinois",17,1993,11816159,1392,8.9693e+10
"Illinois",17,1994,11919512,1554,9.2316e+10
"Illinois",17,1995,12014530,1586,9.4189e+10
"Illinois",17,1996,12109540,1477,9.6385e+10
"Illinois",17,1997,12192249,1397,9.9319e+10
"Illinois",17,1998,12281911,1393,1.01273e+11
"Illinois",17,1999,12359020,1456,1.02397e+11
"Illinois",17,2000,12419293,1418,1.02866e+11
"Illinois",17,2001,12488445,1414,1.03038e+11
"Illinois",17,2002,12525556,1420,1.05401e+11
"Illinois",17,2003,12556006,1454,1.06536e+11
"Illinois",17,2004,12589773,1355,1.09135e+11
"Illinois",17,2005,12609903,1363,1.07706e+11
"Illinois",17,2006,12643955,1254,1.06869e+11
"Illinois",17,2007,12695866,1249,1.07483e+11
"Illinois",17,2008,12747038,1043,1.06079e+11
"Illinois",17,2009,12796778,911,1.05846e+11
"Illinois",17,2010,12830632,927,105787852446.45
"Indiana",18,1990,5546819,1049,5.3697e+10
"Indiana",18,1991,5619615,1022,5.4266e+10
"Indiana",18,1992,5675757,901,5.7072e+10
"Indiana",18,1993,5741125,901,6.0461e+10
"Indiana",18,1994,5794799,971,6.1136e+10
"Indiana",18,1995,5852819,960,6.4552e+10
"Indiana",18,1996,5908417,984,6.622e+10
"Indiana",18,1997,5956292,935,6.8633e+10
"Indiana",18,1998,6001025,982,6.9129e+10
"Indiana",18,1999,6044969,1020,7.004e+10
"Indiana",18,2000,6080485,886,7.0862e+10
"Indiana",18,2001,6127760,909,7.1802e+10
"Indiana",18,2002,6155967,792,7.2523e+10
"Indiana",18,2003,6196638,833,7.2511e+10
"Indiana",18,2004,6233007,947,7.2713e+10
"Indiana",18,2005,6278616,938,7.1799e+10
"Indiana",18,2006,6332669,902,7.1215e+10
"Indiana",18,2007,6379599,898,7.278e+10
"Indiana",18,2008,6424806,814,7.3992e+10
"Indiana",18,2009,6459325,693,7.6628e+10
"Indiana",18,2010,6483802,754,75760509840.91
"Iowa",19,1990,2776587,465,2.2993e+10
"Iowa",19,1991,2798656,488,2.302e+10
"Iowa",19,1992,2819049,437,2.3926e+10
"Iowa",19,1993,2837695,459,2.5118e+10
"Iowa",19,1994,2851451,478,2.5737e+10
"Iowa",19,1995,2868091,527,2.5987e+10
"Iowa",19,1996,2880950,465,2.688e+10
"Iowa",19,1997,2891288,468,2.7984e+10
"Iowa",19,1998,2903589,449,2.8911e+10
"Iowa",19,1999,2917634,490,2.914e+10
"Iowa",19,2000,2926324,445,2.9433e+10
"Iowa",19,2001,2931997,446,3.0016e+10
"Iowa",19,2002,2934234,405,3.0847e+10
"Iowa",19,2003,2941999,443,3.1108e+10
"Iowa",19,2004,2953635,388,3.1538e+10
"Iowa",19,2005,2964454,450,3.106e+10
"Iowa",19,2006,2982644,439,3.1355e+10
"Iowa",19,2007,2999212,445,3.1253e+10
"Iowa",19,2008,3016734,412,3.0713e+10
"Iowa",19,2009,3032870,371,3.1065e+10
"Iowa",19,2010,3046355,390,31388702388.51
"Kansas",20,1990,2477805,444,2.2849e+10
"Kansas",20,1991,2499627,409,2.3186e+10
"Kansas",20,1992,2533409,387,2.4163e+10
"Kansas",20,1993,2557596,428,2.4115e+10
"Kansas",20,1994,2581640,442,2.4678e+10
"Kansas",20,1995,2602226,442,2.5153e+10
"Kansas",20,1996,2615563,490,2.5942e+10
"Kansas",20,1997,2636018,482,2.6524e+10
"Kansas",20,1998,2661727,492,2.7095e+10
"Kansas",20,1999,2678338,540,2.7699e+10
"Kansas",20,2000,2688418,461,2.813e+10
"Kansas",20,2001,2702162,494,2.8155e+10
"Kansas",20,2002,2713535,507,2.8443e+10
"Kansas",20,2003,2723004,469,2.8672e+10
"Kansas",20,2004,2734373,459,2.9172e+10
"Kansas",20,2005,2745299,428,2.9621e+10
"Kansas",20,2006,2762931,468,3.0215e+10
"Kansas",20,2007,2783785,416,3.0048e+10
"Kansas",20,2008,2808076,385,2.9727e+10
"Kansas",20,2009,2832704,386,29499140000
"Kansas",20,2010,2853118,431,29899658379.29
"Kentucky",21,1990,3687389,849,3.3639e+10
"Kentucky",21,1991,3724483,826,3.5213e+10
"Kentucky",21,1992,3766660,815,3.8062e+10
"Kentucky",21,1993,3813296,871,3.9598e+10
"Kentucky",21,1994,3850039,778,3.9822e+10
"Kentucky",21,1995,3887959,849,4.1095e+10
"Kentucky",21,1996,3920721,842,4.2586e+10
"Kentucky",21,1997,3953242,857,4.352e+10
"Kentucky",21,1998,3987167,858,4.4895e+10
"Kentucky",21,1999,4018053,814,4.6445e+10
"Kentucky",21,2000,4041769,820,4.6803e+10
"Kentucky",21,2001,4068132,845,4.6258e+10
"Kentucky",21,2002,4089875,915,4.6841e+10
"Kentucky",21,2003,4117170,928,4.6748e+10
"Kentucky",21,2004,4146101,964,4.7322e+10
"Kentucky",21,2005,4182742,985,4.7466e+10
"Kentucky",21,2006,4219239,913,4.7742e+10
"Kentucky",21,2007,4256672,864,4.8063e+10
"Kentucky",21,2008,4289878,826,4.7534e+10
"Kentucky",21,2009,4317074,791,4.7355e+10
"Kentucky",21,2010,4339367,760,48006742903.79
"Louisiana",22,1990,4222456,959,3.7963e+10
"Louisiana",22,1991,4256824,862,3.471e+10
"Louisiana",22,1992,4294771,886,3.3855e+10
"Louisiana",22,1993,4319122,878,3.6351e+10
"Louisiana",22,1994,4349878,843,3.743e+10
"Louisiana",22,1995,4380949,894,3.8647e+10
"Louisiana",22,1996,4401947,902,3.8095e+10
"Louisiana",22,1997,4424355,931,3.8099e+10
"Louisiana",22,1998,4443537,926,4.0261e+10
"Louisiana",22,1999,4460811,938,4.1149e+10
"Louisiana",22,2000,4468976,938,4.0849e+10
"Louisiana",22,2001,4477875,952,4.3244e+10
"Louisiana",22,2002,4497267,907,4.3295e+10
"Louisiana",22,2003,4521042,940,4.4156e+10
"Louisiana",22,2004,4552238,927,4.4607e+10
"Louisiana",22,2005,4576628,963,4.4979e+10
"Louisiana",22,2006,4302665,987,4.5417e+10
"Louisiana",22,2007,4375581,985,4.5376e+10
"Louisiana",22,2008,4435586,912,4.5091e+10
"Louisiana",22,2009,4491648,824,4.4863e+10
"Louisiana",22,2010,4533372,721,45438690818.39
"Maine",23,1990,1227806,213,1.1871e+10
"Maine",23,1991,1237484,205,1.1849e+10
"Maine",23,1992,1238753,214,1.2151e+10
"Maine",23,1993,1242424,185,1.2182e+10
"Maine",23,1994,1242842,188,1.2469e+10
"Maine",23,1995,1243566,187,1.2589e+10
"Maine",23,1996,1249196,169,1.2819e+10
"Maine",23,1997,1254858,192,1.3245e+10
"Maine",23,1998,1259375,192,1.354e+10
"Maine",23,1999,1266808,181,1.4144e+10
"Maine",23,2000,1274923,169,1.419e+10
"Maine",23,2001,1285692,192,1.4423e+10
"Maine",23,2002,1295960,216,1.4727e+10
"Maine",23,2003,1306513,207,1.4912e+10
"Maine",23,2004,1313688,194,1.4948e+10
"Maine",23,2005,1318787,169,1.4925e+10
"Maine",23,2006,1323619,188,1.5044e+10
"Maine",23,2007,1327040,183,1.5035e+10
"Maine",23,2008,1330509,155,1.4559e+10
"Maine",23,2009,1329590,159,1.4491e+10
"Maine",23,2010,1328361,161,14549383103.05
"Maryland",24,1990,4784119,707,4.0536e+10
"Maryland",24,1991,4868547,694,4.1349e+10
"Maryland",24,1992,4924464,659,4.1896e+10
"Maryland",24,1993,4972392,666,4.3311e+10
"Maryland",24,1994,5023845,651,4.4165e+10
"Maryland",24,1995,5070237,671,4.4882e+10
"Maryland",24,1996,5113159,608,4.6033e+10
"Maryland",24,1997,5156659,611,4.6812e+10
"Maryland",24,1998,5205894,606,4.8343e+10
"Maryland",24,1999,5254509,590,4.9126e+10
"Maryland",24,2000,5296486,588,5.0174e+10
"Maryland",24,2001,5374691,659,5.1996e+10
"Maryland",24,2002,5440389,661,5.3702e+10
"Maryland",24,2003,5496269,650,5.4701e+10
"Maryland",24,2004,5546935,643,5.5284e+10
"Maryland",24,2005,5592379,614,5.6319e+10
"Maryland",24,2006,5627367,652,5.6302e+10
"Maryland",24,2007,5653408,614,5.6503e+10
"Maryland",24,2008,5684965,591,5.5023e+10
"Maryland",24,2009,5730388,549,5.5293e+10
"Maryland",24,2010,5773552,496,56125521955.98
"Massachusetts",25,1990,6018936,605,4.6177e+10
"Massachusetts",25,1991,6019893,552,4.6537e+10
"Massachusetts",25,1992,6030816,485,4.7348e+10
"Massachusetts",25,1993,6061991,475,4.6684e+10
"Massachusetts",25,1994,6096823,440,4.699e+10
"Massachusetts",25,1995,6141664,444,4.8053e+10
"Massachusetts",25,1996,6180890,417,4.9956e+10
"Massachusetts",25,1997,6227915,441,5.0468e+10
"Massachusetts",25,1998,6275021,406,5.1829e+10
"Massachusetts",25,1999,6317345,414,5.182e+10
"Massachusetts",25,2000,6349097,433,5.2796e+10
"Massachusetts",25,2001,6397634,477,5.3015e+10
"Massachusetts",25,2002,6417206,459,5.3266e+10
"Massachusetts",25,2003,6422565,462,5.3709e+10
"Massachusetts",25,2004,6412281,476,5.4771e+10
"Massachusetts",25,2005,6403290,441,5.5458e+10
"Massachusetts",25,2006,6410084,429,5.5136e+10
"Massachusetts",25,2007,6431559,417,5.5071e+10
"Massachusetts",25,2008,6468967,363,5.4505e+10
"Massachusetts",25,2009,6517613,340,5.4812e+10
"Massachusetts",25,2010,6547629,347,54361986328.82
"Michigan",26,1990,9297733,1571,8.1091e+10
"Michigan",26,1991,9405654,1421,8.1935e+10
"Michigan",26,1992,9481313,1300,8.4219e+10
"Michigan",26,1993,9542498,1414,8.5686e+10
"Michigan",26,1994,9601374,1421,8.5183e+10
"Michigan",26,1995,9678159,1530,8.5703e+10
"Michigan",26,1996,9761416,1505,9.0215e+10
"Michigan",26,1997,9811768,1446,9.1494e+10
"Michigan",26,1998,9851606,1366,9.3723e+10
"Michigan",26,1999,9897116,1382,9.5645e+10
"Michigan",26,2000,9938444,1382,9.7792e+10
"Michigan",26,2001,9991120,1328,9.8987e+10
"Michigan",26,2002,10015710,1277,1.00144e+11
"Michigan",26,2003,10041152,1283,1.00756e+11
"Michigan",26,2004,10055315,1159,1.03326e+11
"Michigan",26,2005,10051137,1129,1.04052e+11
"Michigan",26,2006,10036081,1086,1.04184e+11
"Michigan",26,2007,10001284,1088,1.04614e+11
"Michigan",26,2008,9946889,980,1.01825e+11
"Michigan",26,2009,9901591,872,9.6769e+10
"Michigan",26,2010,9883640,942,97567360271.42
"Minnesota",27,1990,4374144,566,3.8946e+10
"Minnesota",27,1991,4442550,531,3.9254e+10
"Minnesota",27,1992,4496148,581,4.1162e+10
"Minnesota",27,1993,4556938,538,4.2214e+10
"Minnesota",27,1994,4611776,646,4.3317e+10
"Minnesota",27,1995,4661111,597,4.4072e+10
"Minnesota",27,1996,4713977,576,4.4465e+10
"Minnesota",27,1997,4764459,600,4.9082e+10
"Minnesota",27,1998,4815103,650,4.9628e+10
"Minnesota",27,1999,4873481,626,5.141e+10
"Minnesota",27,2000,4919479,625,5.2601e+10
"Minnesota",27,2001,4982796,568,5.3341e+10
"Minnesota",27,2002,5018935,657,5.4562e+10
"Minnesota",27,2003,5053572,655,5.5296e+10
"Minnesota",27,2004,5087713,567,5.657e+10
"Minnesota",27,2005,5119598,559,5.6904e+10
"Minnesota",27,2006,5163555,494,5.6518e+10
"Minnesota",27,2007,5207203,504,5.7233e+10
"Minnesota",27,2008,5247018,456,5.7995e+10
"Minnesota",27,2009,5281203,421,56871875051
"Minnesota",27,2010,5303925,411,56631674461.43
"Mississippi",28,1990,2575063,750,2.4398e+10
"Mississippi",28,1991,2601024,714,2.4897e+10
"Mississippi",28,1992,2624678,766,2.6239e+10
"Mississippi",28,1993,2656371,813,2.6864e+10
"Mississippi",28,1994,2690511,791,2.8548e+10
"Mississippi",28,1995,2724100,868,2.9559e+10
"Mississippi",28,1996,2749883,811,3.0562e+10
"Mississippi",28,1997,2778557,861,3.1519e+10
"Mississippi",28,1998,2807091,948,3.421e+10
"Mississippi",28,1999,2828408,927,3.4879e+10
"Mississippi",28,2000,2844658,949,3.5536e+10
"Mississippi",28,2001,2852994,784,3.5988e+10
"Mississippi",28,2002,2858681,885,3.6429e+10
"Mississippi",28,2003,2868312,872,3.7467e+10
"Mississippi",28,2004,2889010,900,3.9431e+10
"Mississippi",28,2005,2905943,931,4.2186e+10
"Mississippi",28,2006,2904978,911,4.1498e+10
"Mississippi",28,2007,2928350,884,4.3337e+10
"Mississippi",28,2008,2947806,783,4.3711e+10
"Mississippi",28,2009,2958774,700,4.0427e+10
"Mississippi",28,2010,2967297,641,39841029778.72
"Missouri",29,1990,5119810,1097,5.0883e+10
"Missouri",29,1991,5173480,1011,5.0982e+10
"Missouri",29,1992,5218259,985,5.3254e+10
"Missouri",29,1993,5273201,947,5.4821e+10
"Missouri",29,1994,5326464,1089,5.7288e+10
"Missouri",29,1995,5379909,1109,5.9347e+10
"Missouri",29,1996,5434012,1148,6.1162e+10
"Missouri",29,1997,5483268,1192,6.298e+10
"Missouri",29,1998,5524750,1169,6.4534e+10
"Missouri",29,1999,5561948,1094,6.6733e+10
"Missouri",29,2000,5595211,1157,6.7083e+10
"Missouri",29,2001,5641142,1098,6.7632e+10
"Missouri",29,2002,5674825,1208,6.8163e+10
"Missouri",29,2003,5709403,1232,6.8163e+10
"Missouri",29,2004,5747741,1130,6.8994e+10
"Missouri",29,2005,5790300,1257,6.8754e+10
"Missouri",29,2006,5842704,1096,6.8834e+10
"Missouri",29,2007,5887612,992,6.9151e+10
"Missouri",29,2008,5923916,960,6.8273e+10
"Missouri",29,2009,5961088,878,6.9003e+10
"Missouri",29,2010,5988927,821,70863996684.92
"Montana",30,1990,798774,212,8.332e+09
"Montana",30,1991,809934,200,8.314e+09
"Montana",30,1992,825876,192,8.525e+09
"Montana",30,1993,844978,195,8.707e+09
"Montana",30,1994,861438,202,9.116e+09
"Montana",30,1995,876886,215,9.44e+09
"Montana",30,1996,886342,200,9.446e+09
"Montana",30,1997,890120,265,9.392e+09
"Montana",30,1998,892677,237,9.589e+09
"Montana",30,1999,897507,220,9.835e+09
"Montana",30,2000,902195,237,9.882e+09
"Montana",30,2001,906961,230,1.0011e+10
"Montana",30,2002,911667,269,1.0395e+10
"Montana",30,2003,919630,262,1.0874e+10
"Montana",30,2004,930009,229,1.1207e+10
"Montana",30,2005,940102,251,1.1126e+10
"Montana",30,2006,952692,264,1.1265e+10
"Montana",30,2007,964706,277,1.1307e+10
"Montana",30,2008,976415,229,1.0812e+10
"Montana",30,2009,983982,221,1.1011e+10
"Montana",30,2010,989415,189,11189805953.04
"Nebraska",31,1990,1578064,262,1.3958e+10
"Nebraska",31,1991,1596681,275,1.4095e+10
"Nebraska",31,1992,1612239,269,1.4621e+10
"Nebraska",31,1993,1626390,254,1.4777e+10
"Nebraska",31,1994,1639753,271,1.5466e+10
"Nebraska",31,1995,1657690,254,1.5807e+10
"Nebraska",31,1996,1674423,293,1.6238e+10
"Nebraska",31,1997,1686860,302,1.7077e+10
"Nebraska",31,1998,1696464,315,1.7558e+10
"Nebraska",31,1999,1704764,295,1.8012e+10
"Nebraska",31,2000,1711263,276,1.8081e+10
"Nebraska",31,2001,1719836,246,1.8102e+10
"Nebraska",31,2002,1728292,307,1.8719e+10
"Nebraska",31,2003,1738643,293,1.9016e+10
"Nebraska",31,2004,1749370,254,1.9171e+10
"Nebraska",31,2005,1761497,276,1.9291e+10
"Nebraska",31,2006,1772693,269,1.9415e+10
"Nebraska",31,2007,1783440,256,1.9439e+10
"Nebraska",31,2008,1796378,208,1.917e+10
"Nebraska",31,2009,1812683,223,1.9359e+10
"Nebraska",31,2010,1826341,190,19437951655.55
"Nevada",32,1990,1202941,343,1.0205e+10
"Nevada",32,1991,1296406,298,1.051e+10
"Nevada",32,1992,1352217,254,1.0897e+10
"Nevada",32,1993,1411562,263,1.1624e+10
"Nevada",32,1994,1499740,294,1.3019e+10
"Nevada",32,1995,1581963,313,1.3974e+10
"Nevada",32,1996,1666989,348,1.5993e+10
"Nevada",32,1997,1764495,347,1.6309e+10
"Nevada",32,1998,1854096,361,1.6486e+10
"Nevada",32,1999,1934718,350,1.739e+10
"Nevada",32,2000,1998257,323,1.7639e+10
"Nevada",32,2001,2098399,314,1.8309e+10
"Nevada",32,2002,2173791,381,1.7966e+10
"Nevada",32,2003,2248850,368,1.9301e+10
"Nevada",32,2004,2346222,395,1.9354e+10
"Nevada",32,2005,2432143,427,2.0776e+10
"Nevada",32,2006,2522658,431,2.1824e+10
"Nevada",32,2007,2601072,373,2.2146e+10
"Nevada",32,2008,2653630,324,2.078e+10
"Nevada",32,2009,2684665,243,2.0454e+10
"Nevada",32,2010,2700551,257,21119081926.95
"New Hampshire",33,1990,1109074,158,9.844e+09
"New Hampshire",33,1991,1110160,144,9.935e+09
"New Hampshire",33,1992,1117966,122,1.0067e+10
"New Hampshire",33,1993,1129567,121,1.0336e+10
"New Hampshire",33,1994,1142653,119,1.0501e+10
"New Hampshire",33,1995,1157515,118,1.0643e+10
"New Hampshire",33,1996,1174827,134,1.0987e+10
"New Hampshire",33,1997,1189380,125,1.1202e+10
"New Hampshire",33,1998,1206114,128,1.1573e+10
"New Hampshire",33,1999,1222014,140,1.1893e+10
"New Hampshire",33,2000,1235786,126,1.2021e+10
"New Hampshire",33,2001,1255517,142,1.2315e+10
"New Hampshire",33,2002,1269089,127,1.2578e+10
"New Hampshire",33,2003,1279840,127,1.318e+10
"New Hampshire",33,2004,1290121,171,1.3216e+10
"New Hampshire",33,2005,1298492,166,1.3429e+10
"New Hampshire",33,2006,1308389,127,1.3614e+10
"New Hampshire",33,2007,1312540,129,1.3459e+10
"New Hampshire",33,2008,1315906,139,1.304e+10
"New Hampshire",33,2009,1316102,110,12975431300.3
"New Hampshire",33,2010,1316470,128,13065220251.63
"New Jersey",34,1990,7735834,886,5.8923e+10
"New Jersey",34,1991,7817415,783,5.9289e+10
"New Jersey",34,1992,7882245,763,5.941e+10
"New Jersey",34,1993,7950885,789,5.9726e+10
"New Jersey",34,1994,8017412,761,6.0466e+10
"New Jersey",34,1995,8085139,774,6.1012e+10
"New Jersey",34,1996,8153445,814,6.2334e+10
"New Jersey",34,1997,8222708,775,6.2784e+10
"New Jersey",34,1998,8293003,741,6.451e+10
"New Jersey",34,1999,8359592,726,6.5541e+10
"New Jersey",34,2000,8414350,731,6.7446e+10
"New Jersey",34,2001,8492671,745,6.8725e+10
"New Jersey",34,2002,8552643,771,6.9942e+10
"New Jersey",34,2003,8601402,733,6.9778e+10
"New Jersey",34,2004,8634561,723,7.2844e+10
"New Jersey",34,2005,8651974,747,7.3819e+10
"New Jersey",34,2006,8661679,771,7.5371e+10
"New Jersey",34,2007,8677885,724,7.6152e+10
"New Jersey",34,2008,8711090,590,7.3629e+10
"New Jersey",34,2009,8755602,584,7.3029e+10
"New Jersey",34,2010,8791894,556,73027659189
"New Mexico",35,1990,1515717,499,1.6148e+10
"New Mexico",35,1991,1555923,469,1.6773e+10
"New Mexico",35,1992,1595850,460,1.8452e+10
"New Mexico",35,1993,1636911,431,1.8945e+10
"New Mexico",35,1994,1683067,447,2.048e+10
"New Mexico",35,1995,1720613,485,2.1147e+10
"New Mexico",35,1996,1753127,485,2.151e+10
"New Mexico",35,1997,1775156,484,2.1937e+10
"New Mexico",35,1998,1794370,424,2.2192e+10
"New Mexico",35,1999,1808082,460,2.2429e+10
"New Mexico",35,2000,1819046,432,2.276e+10
"New Mexico",35,2001,1831690,464,2.3232e+10
"New Mexico",35,2002,1855309,449,2.2789e+10
"New Mexico",35,2003,1877574,439,2.2844e+10
"New Mexico",35,2004,1903808,521,2.3942e+10
"New Mexico",35,2005,1932274,488,2.3966e+10
"New Mexico",35,2006,1962137,484,2.5787e+10
"New Mexico",35,2007,1990070,413,2.685e+10
"New Mexico",35,2008,2010662,366,2.6279e+10
"New Mexico",35,2009,2036802,361,2.6013e+10
"New Mexico",35,2010,2059179,349,25325085970.71
"New York",36,1990,18010739,2217,1.06902e+11
"New York",36,1991,18130655,2008,1.07661e+11
"New York",36,1992,18252611,1815,1.09881e+11
"New York",36,1993,18382546,1790,1.1224e+11
"New York",36,1994,18469421,1678,1.1297e+11
"New York",36,1995,18534018,1679,1.15091e+11
"New York",36,1996,18601063,1593,1.18641e+11
"New York",36,1997,18668538,1652,1.20779e+11
"New York",36,1998,18772357,1514,1.23376e+11
"New York",36,1999,18882725,1599,1.26491e+11
"New York",36,2000,18976457,1460,1.29057e+11
"New York",36,2001,19082838,1564,1.30722e+11
"New York",36,2002,19137800,1530,1.33057e+11
"New York",36,2003,19175939,1493,1.35047e+11
"New York",36,2004,19171567,1495,1.37898e+11
"New York",36,2005,19132610,1434,1.37521e+11
"New York",36,2006,19104631,1454,1.41348e+11
"New York",36,2007,19132335,1333,1.36737e+11
"New York",36,2008,19212436,1231,1.34085e+11
"New York",36,2009,19307066,1158,1.33491e+11
"New York",36,2010,19378102,1201,131252061499.6
"North Carolina",37,1990,6633506,1385,6.2752e+10
"North Carolina",37,1991,6786010,1369,6.4883e+10
"North Carolina",37,1992,6900726,1265,6.7538e+10
"North Carolina",37,1993,7045119,1389,6.9502e+10
"North Carolina",37,1994,7190261,1431,7.1928e+10
"North Carolina",37,1995,7347430,1448,7.6053e+10
"North Carolina",37,1996,7505290,1494,7.8935e+10
"North Carolina",37,1997,7660857,1483,8.1893e+10
"North Carolina",37,1998,7814558,1596,8.5283e+10
"North Carolina",37,1999,7949361,1505,8.7758e+10
"North Carolina",37,2000,8049313,1557,8.9504e+10
"North Carolina",37,2001,8210122,1530,9.158e+10
"North Carolina",37,2002,8326201,1576,9.2894e+10
"North Carolina",37,2003,8422501,1553,9.3759e+10
"North Carolina",37,2004,8553152,1573,9.5903e+10
"North Carolina",37,2005,8705407,1547,1.01268e+11
"North Carolina",37,2006,8917270,1554,1.01515e+11
"North Carolina",37,2007,9118037,1675,1.03598e+11
"North Carolina",37,2008,9309449,1433,1.01712e+11
"North Carolina",37,2009,9449566,1313,104259501442.96
"North Carolina",37,2010,9535483,1320,102384967632.16
"North Dakota",38,1990,638325,112,5.91e+09
"North Dakota",38,1991,636172,94,5.951e+09
"North Dakota",38,1992,638575,88,6.072e+09
"North Dakota",38,1993,641483,89,6.158e+09
"North Dakota",38,1994,645004,88,6.338e+09
"North Dakota",38,1995,648019,74,6.545e+09
"North Dakota",38,1996,650563,85,6.741e+09
"North Dakota",38,1997,649952,105,7.122e+09
"North Dakota",38,1998,647619,92,7.333e+09
"North Dakota",38,1999,644259,119,7.262e+09
"North Dakota",38,2000,642200,86,7.217e+09
"North Dakota",38,2001,639062,105,7.235e+09
"North Dakota",38,2002,638168,97,7.336e+09
"North Dakota",38,2003,638817,105,7.468e+09
"North Dakota",38,2004,644705,100,7.594e+09
"North Dakota",38,2005,646089,123,7.57e+09
"North Dakota",38,2006,649422,111,7.89e+09
"North Dakota",38,2007,652822,111,7.844e+09
"North Dakota",38,2008,657569,104,7.82e+09
"North Dakota",38,2009,664968,140,8.154e+09
"North Dakota",38,2010,672591,105,8262623785.62
"Ohio",39,1990,10850094,1638,9.1303e+10
"Ohio",39,1991,10951104,1636,9.3002e+10
"Ohio",39,1992,11031225,1439,9.5221e+10
"Ohio",39,1993,11103679,1478,9.6167e+10
"Ohio",39,1994,11154945,1370,9.82e+10
"Ohio",39,1995,11205299,1360,1.00788e+11
"Ohio",39,1996,11244913,1391,1.0309e+11
"Ohio",39,1997,11279094,1441,1.03677e+11
"Ohio",39,1998,11315474,1422,1.04926e+11
"Ohio",39,1999,11335454,1430,1.05511e+11
"Ohio",39,2000,11353140,1366,1.05903e+11
"Ohio",39,2001,11387404,1378,1.06589e+11
"Ohio",39,2002,11407889,1418,1.07861e+11
"Ohio",39,2003,11434788,1274,1.08938e+11
"Ohio",39,2004,11452251,1286,1.11654e+11
"Ohio",39,2005,11463320,1321,1.10491e+11
"Ohio",39,2006,11481213,1238,1.11247e+11
"Ohio",39,2007,11500468,1257,1.10631e+11
"Ohio",39,2008,11515391,1190,1.08302e+11
"Ohio",39,2009,11528896,1022,110642308892
"Ohio",39,2010,11536504,1080,111835731562.23
"Oklahoma",40,1990,3146136,641,3.3141e+10
"Oklahoma",40,1991,3176556,652,3.424e+10
"Oklahoma",40,1992,3221404,613,3.5119e+10
"Oklahoma",40,1993,3253331,671,3.5529e+10
"Oklahoma",40,1994,3282213,687,3.5567e+10
"Oklahoma",40,1995,3309855,669,3.8489e+10
"Oklahoma",40,1996,3341657,772,3.9427e+10
"Oklahoma",40,1997,3374534,838,4.14e+10
"Oklahoma",40,1998,3407252,755,4.2033e+10
"Oklahoma",40,1999,3437147,741,4.2569e+10
"Oklahoma",40,2000,3450654,650,4.3355e+10
"Oklahoma",40,2001,3467100,682,4.3527e+10
"Oklahoma",40,2002,3489080,739,4.5731e+10
"Oklahoma",40,2003,3504892,671,4.5725e+10
"Oklahoma",40,2004,3525233,774,4.6443e+10
"Oklahoma",40,2005,3548597,803,4.7019e+10
"Oklahoma",40,2006,3594090,765,4.8689e+10
"Oklahoma",40,2007,3634349,754,4.7572e+10
"Oklahoma",40,2008,3668976,749,4.8499e+10
"Oklahoma",40,2009,3717572,737,46996985934
"Oklahoma",40,2010,3751351,668,47745917333.3
"Oregon",41,1990,2843155,579,2.6738e+10
"Oregon",41,1991,2929085,482,2.5762e+10
"Oregon",41,1992,2992359,471,2.7926e+10
"Oregon",41,1993,3061333,523,2.9657e+10
"Oregon",41,1994,3121913,494,2.9453e+10
"Oregon",41,1995,3185037,574,3.0034e+10
"Oregon",41,1996,3248377,526,3.0319e+10
"Oregon",41,1997,3304834,524,3.2268e+10
"Oregon",41,1998,3354163,538,3.334e+10
"Oregon",41,1999,3393941,414,3.468e+10
"Oregon",41,2000,3421399,451,3.387e+10
"Oregon",41,2001,3467937,488,3.4398e+10
"Oregon",41,2002,3513424,436,3.4578e+10
"Oregon",41,2003,3547376,512,3.5098e+10
"Oregon",41,2004,3569463,456,3.5598e+10
"Oregon",41,2005,3613202,487,3.5282e+10
"Oregon",41,2006,3670883,478,3.5483e+10
"Oregon",41,2007,3722417,455,3.475e+10
"Oregon",41,2008,3768748,416,3.3468e+10
"Oregon",41,2009,3808600,377,3.3972e+10
"Oregon",41,2010,3831074,317,33774105561.9
"Pennsylvania",42,1990,11886559,1646,8.5708e+10
"Pennsylvania",42,1991,11987818,1661,8.7282e+10
"Pennsylvania",42,1992,12052611,1545,8.92e+10
"Pennsylvania",42,1993,12123137,1529,9.0706e+10
"Pennsylvania",42,1994,12170062,1441,9.2347e+10
"Pennsylvania",42,1995,12201314,1480,9.452e+10
"Pennsylvania",42,1996,12225148,1469,9.6646e+10
"Pennsylvania",42,1997,12229931,1557,9.8015e+10
"Pennsylvania",42,1998,12250692,1481,9.9908e+10
"Pennsylvania",42,1999,12263805,1549,1.02011e+11
"Pennsylvania",42,2000,12281054,1520,1.02337e+11
"Pennsylvania",42,2001,12298970,1532,1.03004e+11
"Pennsylvania",42,2002,12331031,1614,1.04476e+11
"Pennsylvania",42,2003,12374658,1577,1.06347e+11
"Pennsylvania",42,2004,12410722,1490,1.0807e+11
"Pennsylvania",42,2005,12449990,1616,1.08042e+11
"Pennsylvania",42,2006,12510809,1525,1.08278e+11
"Pennsylvania",42,2007,12563937,1491,1.08699e+11
"Pennsylvania",42,2008,12612285,1468,1.07848e+11
"Pennsylvania",42,2009,12666858,1256,1.0388e+11
"Pennsylvania",42,2010,12702379,1324,100328712345.81
"Rhode Island",44,1990,1004026,84,7.364e+09
"Rhode Island",44,1991,1010812,88,7.152e+09
"Rhode Island",44,1992,1012667,79,7.559e+09
"Rhode Island",44,1993,1014973,74,7.227e+09
"Rhode Island",44,1994,1015892,63,7.095e+09
"Rhode Island",44,1995,1016502,69,6.896e+09
"Rhode Island",44,1996,1020486,69,7.12e+09
"Rhode Island",44,1997,1024948,75,7.072e+09
"Rhode Island",44,1998,1031343,74,7.983e+09
"Rhode Island",44,1999,1040402,88,8.281e+09
"Rhode Island",44,2000,1048319,80,8.359e+09
"Rhode Island",44,2001,1057142,81,7.991e+09
"Rhode Island",44,2002,1065995,84,8.142e+09
"Rhode Island",44,2003,1071342,104,8.365e+09
"Rhode Island",44,2004,1074579,83,8.473e+09
"Rhode Island",44,2005,1067916,87,8.3e+09
"Rhode Island",44,2006,1063096,81,8.3e+09
"Rhode Island",44,2007,1057315,69,8.636e+09
"Rhode Island",44,2008,1055003,65,8.187e+09
"Rhode Island",44,2009,1053646,83,8.25e+09
"Rhode Island",44,2010,1052567,67,8280220073.54
"South Carolina",45,1990,3489605,979,3.4376e+10
"South Carolina",45,1991,3572113,890,3.4456e+10
"South Carolina",45,1992,3621983,807,3.5049e+10
"South Carolina",45,1993,3664533,846,3.6125e+10
"South Carolina",45,1994,3706500,847,3.7245e+10
"South Carolina",45,1995,3749504,881,3.8724e+10
"South Carolina",45,1996,3797265,930,3.9756e+10
"South Carolina",45,1997,3860744,903,4.1333e+10
"South Carolina",45,1998,3920791,1002,4.2821e+10
"South Carolina",45,1999,3974682,1065,4.4148e+10
"South Carolina",45,2000,4012012,1065,4.5538e+10
"South Carolina",45,2001,4064995,1060,4.6601e+10
"South Carolina",45,2002,4107795,1053,4.729e+10
"South Carolina",45,2003,4150297,969,4.812e+10
"South Carolina",45,2004,4210921,1046,4.9551e+10
"South Carolina",45,2005,4270150,1094,4.9434e+10
"South Carolina",45,2006,4357847,1045,5.0199e+10
"South Carolina",45,2007,4444110,1066,5.1109e+10
"South Carolina",45,2008,4528996,920,4.9597e+10
"South Carolina",45,2009,4589872,894,4.913e+10
"South Carolina",45,2010,4625364,809,49124335197.08
"South Dakota",46,1990,695805,153,6.989e+09
"South Dakota",46,1991,704009,143,6.711e+09
"South Dakota",46,1992,713096,161,7.218e+09
"South Dakota",46,1993,722507,140,7.413e+09
"South Dakota",46,1994,731147,154,7.631e+09
"South Dakota",46,1995,738375,158,7.669e+09
"South Dakota",46,1996,742683,175,7.817e+09
"South Dakota",46,1997,744434,148,7.939e+09
"South Dakota",46,1998,746501,165,8.097e+09
"South Dakota",46,1999,750412,150,8.244e+09
"South Dakota",46,2000,754844,173,8.432e+09
"South Dakota",46,2001,757972,171,8.542e+09
"South Dakota",46,2002,760020,180,8.499e+09
"South Dakota",46,2003,763729,203,8.527e+09
"South Dakota",46,2004,770396,197,8.784e+09
"South Dakota",46,2005,775493,186,8.397e+09
"South Dakota",46,2006,783033,191,9.168e+09
"South Dakota",46,2007,791623,146,9.005e+09
"South Dakota",46,2008,799124,119,8.986e+09
"South Dakota",46,2009,807067,131,9606641673.92
"South Dakota",46,2010,814180,140,8865980484.6
"Tennessee",47,1990,4880859,1177,4.671e+10
"Tennessee",47,1991,4968973,1113,4.7267e+10
"Tennessee",47,1992,5051188,1153,4.9994e+10
"Tennessee",47,1993,5139306,1170,5.2112e+10
"Tennessee",47,1994,5233322,1214,5.4524e+10
"Tennessee",47,1995,5328891,1259,5.6214e+10
"Tennessee",47,1996,5419660,1239,5.8435e+10
"Tennessee",47,1997,5501676,1225,6.0526e+10
"Tennessee",47,1998,5573935,1216,6.2562e+10
"Tennessee",47,1999,5638706,1302,6.4756e+10
"Tennessee",47,2000,5689283,1307,6.5732e+10
"Tennessee",47,2001,5750789,1251,6.7632e+10
"Tennessee",47,2002,5795918,1177,6.8229e+10
"Tennessee",47,2003,5847812,1193,6.9154e+10
"Tennessee",47,2004,5910809,1339,7.0943e+10
"Tennessee",47,2005,5991057,1270,7.0814e+10
"Tennessee",47,2006,6088766,1284,7.0596e+10
"Tennessee",47,2007,6175727,1210,7.1179e+10
"Tennessee",47,2008,6247411,1035,6.9469e+10
"Tennessee",47,2009,6306019,986,7.0226e+10
"Tennessee",47,2010,6346105,1032,70438824331.4
"Texas",48,1990,17008748,3250,1.56578e+11
"Texas",48,1991,17405312,3078,1.58756e+11
"Texas",48,1992,17766812,3059,1.63329e+11
"Texas",48,1993,18170320,3043,1.67611e+11
"Texas",48,1994,18572123,3187,1.78348e+11
"Texas",48,1995,18967400,3183,1.81096e+11
"Texas",48,1996,19352289,3742,1.85386e+11
"Texas",48,1997,19752039,3513,1.98702e+11
"Texas",48,1998,20171768,3586,2.06023e+11
"Texas",48,1999,20558220,3522,2.10874e+11
"Texas",48,2000,20851820,3779,2.20064e+11
"Texas",48,2001,21319622,3736,2.16269e+11
"Texas",48,2002,21690325,3823,2.21026e+11
"Texas",48,2003,22030931,3821,2.23418e+11
"Texas",48,2004,22394023,3699,2.31008e+11
"Texas",48,2005,22778123,3536,2.3517e+11
"Texas",48,2006,23359580,3531,2.38256e+11
"Texas",48,2007,23831983,3363,2.43443e+11
"Texas",48,2008,24309039,3382,2.35382e+11
"Texas",48,2009,24801761,3104,2.30411e+11
"Texas",48,2010,25145561,3023,234015906037.55
"Utah",49,1990,1723370,272,1.4646e+10
"Utah",49,1991,1780280,271,1.5391e+10
"Utah",49,1992,1837837,269,1.6307e+10
"Utah",49,1993,1898909,303,1.7056e+10
"Utah",49,1994,1961072,343,1.8078e+10
"Utah",49,1995,2014719,325,1.8781e+10
"Utah",49,1996,2069474,321,1.9539e+10
"Utah",49,1997,2120359,366,2.0444e+10
"Utah",49,1998,2167719,350,2.127e+10
"Utah",49,1999,2203482,360,2.2043e+10
"Utah",49,2000,2233169,373,2.2597e+10
"Utah",49,2001,2283715,291,2.3452e+10
"Utah",49,2002,2324815,328,2.4564e+10
"Utah",49,2003,2360137,309,2.4029e+10
"Utah",49,2004,2401580,296,2.4696e+10
"Utah",49,2005,2457719,282,2.5158e+10
"Utah",49,2006,2525507,287,2.5964e+10
"Utah",49,2007,2597746,299,2.6832e+10
"Utah",49,2008,2663029,275,2.5974e+10
"Utah",49,2009,2723421,244,2.6264e+10
"Utah",49,2010,2763885,253,26585222151.3
"Vermont",50,1990,562489,90,5.838e+09
"Vermont",50,1991,568691,110,5.87e+09
"Vermont",50,1992,572925,96,6.019e+09
"Vermont",50,1993,577924,110,5.976e+09
"Vermont",50,1994,584098,77,6.152e+09
"Vermont",50,1995,588979,106,6.206e+09
"Vermont",50,1996,593894,88,6.377e+09
"Vermont",50,1997,597414,96,6.466e+09
"Vermont",50,1998,600704,104,6.596e+09
"Vermont",50,1999,604683,90,6.543e+09
"Vermont",50,2000,608827,76,6.811e+09
"Vermont",50,2001,612223,92,9.617e+09
"Vermont",50,2002,615442,78,9.677e+09
"Vermont",50,2003,617858,69,8.309e+09
"Vermont",50,2004,619920,98,7.855e+09
"Vermont",50,2005,621215,73,7.713e+09
"Vermont",50,2006,622892,87,7.832e+09
"Vermont",50,2007,623481,66,7.694e+09
"Vermont",50,2008,624151,73,7.312e+09
"Vermont",50,2009,624817,74,7.646e+09
"Vermont",50,2010,625741,71,7247555840.05
"Virginia",51,1990,6191428,1079,6.0178e+10
"Virginia",51,1991,6303660,948,6.1099e+10
"Virginia",51,1992,6417314,839,6.3447e+10
"Virginia",51,1993,6512324,879,6.5421e+10
"Virginia",51,1994,6597000,930,6.7609e+10
"Virginia",51,1995,6673422,900,6.9811e+10
"Virginia",51,1996,6754598,877,7.1302e+10
"Virginia",51,1997,6831731,984,7.032e+10
"Virginia",51,1998,6905016,935,7.2679e+10
"Virginia",51,1999,7000174,878,7.3908e+10
"Virginia",51,2000,7078515,929,7.4801e+10
"Virginia",51,2001,7198362,935,7.3745e+10
"Virginia",51,2002,7286873,914,7.745e+10
"Virginia",51,2003,7366977,943,7.6868e+10
"Virginia",51,2004,7475575,922,7.8877e+10
"Virginia",51,2005,7577105,947,8.0337e+10
"Virginia",51,2006,7673725,962,8.1095e+10
"Virginia",51,2007,7751000,1027,8.2077e+10
"Virginia",51,2008,7833496,824,8.2278e+10
"Virginia",51,2009,7925937,758,8.0927e+10
"Virginia",51,2010,8001024,740,82170614276.3
"Washington",53,1990,4868410,825,4.4695e+10
"Washington",53,1991,5026490,682,4.6449e+10
"Washington",53,1992,5161525,651,4.9386e+10
"Washington",53,1993,5280598,661,4.6135e+10
"Washington",53,1994,5376439,640,4.7428e+10
"Washington",53,1995,5482492,653,4.925e+10
"Washington",53,1996,5572322,712,4.9405e+10
"Washington",53,1997,5675818,674,5.1068e+10
"Washington",53,1998,5771447,662,5.1927e+10
"Washington",53,1999,5842564,637,5.2714e+10
"Washington",53,2000,5894121,631,5.333e+10
"Washington",53,2001,5985722,649,5.3665e+10
"Washington",53,2002,6052349,658,5.4776e+10
"Washington",53,2003,6104115,600,5.5015e+10
"Washington",53,2004,6178645,567,5.5673e+10
"Washington",53,2005,6257305,649,5.5476e+10
"Washington",53,2006,6370753,633,5.6517e+10
"Washington",53,2007,6461587,568,5.6939e+10
"Washington",53,2008,6562231,521,5.5558e+10
"Washington",53,2009,6667426,492,5.6417e+10
"Washington",53,2010,6724540,460,57190441649.7
"West Virginia",54,1990,1794262,481,1.5418e+10
"West Virginia",54,1991,1799502,414,1.6026e+10
"West Virginia",54,1992,1806776,420,1.6478e+10
"West Virginia",54,1993,1817927,429,1.6778e+10
"West Virginia",54,1994,1820782,356,1.7112e+10
"West Virginia",54,1995,1823956,376,1.7421e+10
"West Virginia",54,1996,1823203,348,1.7693e+10
"West Virginia",54,1997,1819689,381,1.8324e+10
"West Virginia",54,1998,1816386,354,1.8666e+10
"West Virginia",54,1999,1811799,395,1.9032e+10
"West Virginia",54,2000,1808344,411,1.9242e+10
"West Virginia",54,2001,1801481,376,1.9714e+10
"West Virginia",54,2002,1805414,439,2.0005e+10
"West Virginia",54,2003,1812295,394,2.0082e+10
"West Virginia",54,2004,1816438,410,2.0302e+10
"West Virginia",54,2005,1820492,374,2.0523e+10
"West Virginia",54,2006,1827912,410,2.0885e+10
"West Virginia",54,2007,1834052,431,2.0564e+10
"West Virginia",54,2008,1840310,380,2.0774e+10
"West Virginia",54,2009,1847775,357,1.9606e+10
"West Virginia",54,2010,1852994,315,19203033574.85
"Wisconsin",55,1990,4891217,769,4.4277e+10
"Wisconsin",55,1991,4967147,797,4.5458e+10
"Wisconsin",55,1992,5028141,652,4.7628e+10
"Wisconsin",55,1993,5088947,714,4.9167e+10
"Wisconsin",55,1994,5138097,712,5.0273e+10
"Wisconsin",55,1995,5190188,745,5.1396e+10
"Wisconsin",55,1996,5236721,761,5.2782e+10
"Wisconsin",55,1997,5272971,725,5.4405e+10
"Wisconsin",55,1998,5303586,714,5.6655e+10
"Wisconsin",55,1999,5332666,745,5.6961e+10
"Wisconsin",55,2000,5363675,799,5.7266e+10
"Wisconsin",55,2001,5406835,763,5.7269e+10
"Wisconsin",55,2002,5445162,803,5.8746e+10
"Wisconsin",55,2003,5479203,848,5.9615e+10
"Wisconsin",55,2004,5514026,792,6.0399e+10
"Wisconsin",55,2005,5546166,815,6.0017e+10
"Wisconsin",55,2006,5577655,724,5.9398e+10
"Wisconsin",55,2007,5610775,756,5.9493e+10
"Wisconsin",55,2008,5640996,605,5.7462e+10
"Wisconsin",55,2009,5669264,561,5.8157e+10
"Wisconsin",55,2010,5686986,572,59420266427.03
"Wyoming",56,1990,453541,125,5.833e+09
"Wyoming",56,1991,459330,122,5.998e+09
"Wyoming",56,1992,466423,118,6.217e+09
"Wyoming",56,1993,473228,120,6.77e+09
"Wyoming",56,1994,480373,144,6.689e+09
"Wyoming",56,1995,485188,170,7.044e+09
"Wyoming",56,1996,488168,143,7.36e+09
"Wyoming",56,1997,489618,137,7.576e+09
"Wyoming",56,1998,490944,154,8.031e+09
"Wyoming",56,1999,491780,189,7.797e+09
"Wyoming",56,2000,493782,152,8.09e+09
"Wyoming",56,2001,494657,186,8.625e+09
"Wyoming",56,2002,500017,176,9.007e+09
"Wyoming",56,2003,503453,165,9.211e+09
"Wyoming",56,2004,509106,164,9.261e+09
"Wyoming",56,2005,514157,170,9.058e+09
"Wyoming",56,2006,522667,195,9.415e+09
"Wyoming",56,2007,534876,150,9.366e+09
"Wyoming",56,2008,546043,159,9.447e+09
"Wyoming",56,2009,559851,134,9.568e+09
"Wyoming",56,2010,563626,155,9.568e+09
