"country","year","piracy","log_population","log_plankton","log_fishcaught","log_rain","log_GDP","latitutde","longitude","continent"
2,2004,0,19.4950180053711,8.91986656188965,14.7449970245361,6.53078556060791,10.5996294021606,34.11,-118.41,"america"
2,2005,0,19.5042362213135,8.95560550689697,14.7572078704834,6.54370737075806,10.6532430648804,34.11,-118.41,"america"
2,2006,0,19.5138778686523,8.90004920959473,14.7514543533325,6.52912950515747,10.7020349502563,34.11,-118.41,"america"
2,2007,0,19.5233879089355,8.83230304718018,14.6536827087402,6.48762893676758,10.7404670715332,34.11,-118.41,"america"
2,2008,0,19.5328464508057,8.84767150878906,14.4972505569458,6.5579891204834,10.7498350143433,34.11,-118.41,"america"
2,2009,0,19.5416145324707,8.86931228637695,14.3396883010864,6.57427310943604,10.7181949615479,34.11,-118.41,"america"
20,2004,0,17.2810897827148,9.04838371276855,13.0984029769897,6.03973484039307,10.3437347412109,49.28,-123.13,"america"
20,2005,0,17.2909488677979,9.05288410186768,13.0266389846802,6.1720027923584,10.4664936065674,49.28,-123.13,"america"
20,2006,0,17.2990894317627,9.15111064910889,12.9921045303345,6.10050392150879,10.5761117935181,49.28,-123.13,"america"
20,2007,0,17.3098201751709,9.07384777069092,12.9542140960693,6.10636901855469,10.6732063293457,49.28,-123.13,"america"
20,2008,0,17.3215980529785,9.08691024780273,12.8070878982544,6.12247514724731,10.716362953186,49.28,-123.13,"america"
20,2009,0,17.3338069915771,9.10305023193359,12.8266839981079,6.0825138092041,10.5896015167236,49.28,-123.13,"america"
40,2004,0,16.2379531860352,5.1069803237915,8.01035976409912,6.92119169235229,8.13163280487061,23.1299991607666,-82.3899993896484,"america"
40,2005,0,16.2396125793457,5.26466131210327,7.710205078125,7.25781583786011,8.23990154266357,23.1299991607666,-82.3899993896484,"america"
40,2006,0,16.2404098510742,5.27791786193848,8.02975845336914,7.11599349975586,8.45145797729492,23.1299991607666,-82.3899993896484,"america"
40,2007,0,16.2404613494873,5.37415885925293,7.87435865402222,7.29680395126343,8.55652141571045,23.1299991607666,-82.3899993896484,"america"
40,2008,0,16.239990234375,5.25967407226562,7.95015001296997,7.12134456634521,8.59357738494873,23.1299991607666,-82.3899993896484,"america"
40,2009,0,16.2393245697021,5.03755617141724,8.078688621521,6.86624383926392,8.61466693878174,23.1299991607666,-82.3899993896484,"america"
42,2004,1,16.0355167388916,3.54386401176453,6.42324686050415,7.00929832458496,7.76806211471558,18.4258632659912,-69.6335906982422,"america"
42,2005,1,16.0501766204834,3.49350786209106,6.32614946365356,7.06453132629395,8.19107532501221,18.4258632659912,-69.6335906982422,"america"
42,2006,0,16.0646171569824,3.46825766563416,6.64378976821899,6.96978139877319,8.24460411071777,18.4258632659912,-69.6335906982422,"america"
42,2007,0,16.07883644104,3.8385226726532,6.27098846435547,7.08247184753418,8.36552238464355,18.4258632659912,-69.6335906982422,"america"
42,2008,0,16.0927982330322,3.50156927108765,6.69826793670654,7.01864337921143,8.45021820068359,18.4258632659912,-69.6335906982422,"america"
42,2009,0,16.1064548492432,3.39002156257629,7.3185396194458,6.5880389213562,8.46461296081543,18.4258632659912,-69.6335906982422,"america"
52,2004,0,14.0704469680786,5.53362941741943,7.76217079162598,7.61004734039307,9.22353553771973,10.6599998474121,-61.5099983215332,"america"
52,2005,0,14.0755128860474,5.46664428710938,8.01796627044678,7.59560489654541,9.40511226654053,10.6599998474121,-61.5099983215332,"america"
52,2006,0,14.0805463790894,5.57015800476074,7.72001791000366,7.53928232192993,9.54047775268555,10.6599998474121,-61.5099983215332,"america"
52,2007,0,14.0855684280396,5.59763479232788,7.62608289718628,7.52525758743286,9.70048046112061,10.6599998474121,-61.5099983215332,"america"
52,2008,0,14.0904483795166,5.32475614547729,7.60588979721069,7.50987672805786,9.92422199249268,10.6599998474121,-61.5099983215332,"america"
52,2009,0,14.0950479507446,5.16165542602539,7.68937110900879,7.42378664016724,9.59453201293945,10.6599998474121,-61.5099983215332,"america"
70,2004,0,18.5103530883789,6.95140695571899,11.9391212463379,6.43885517120361,8.88356781005859,19.05,-104.32,"america"
70,2005,0,18.5226211547852,7.06403923034668,12.1500158309937,6.28467082977295,8.98039436340332,19.05,-104.32,"america"
70,2006,0,18.5350513458252,7.03930282592773,12.0798292160034,6.4279260635376,9.08262538909912,19.05,-104.32,"america"
70,2007,0,18.5475769042969,7.07306432723999,11.6604919433594,6.42476463317871,9.15477752685547,19.05,-104.32,"america"
70,2008,0,18.5601654052734,7.06217765808105,11.6731634140015,6.51233959197998,9.19733810424805,19.05,-104.32,"america"
70,2009,0,18.5727386474609,6.77603721618652,11.8596305847168,6.38550806045532,8.96899700164795,19.05,-104.32,"america"
90,2004,0,16.3306064605713,4.1898775100708,6.74051952362061,7.43857145309448,7.56628131866455,15.68,-88.61,"america"
90,2005,0,16.3554515838623,4.17176294326782,8.54694652557373,7.43360233306885,7.66843271255493,15.68,-88.61,"america"
90,2006,0,16.3801040649414,4.06324148178101,8.73311042785645,7.62835645675659,7.74899673461914,15.68,-88.61,"america"
90,2007,0,16.4046211242676,4.09670066833496,8.4383659362793,7.49673175811768,7.84525775909424,15.68,-88.61,"america"
90,2008,0,16.429126739502,3.87056398391724,8.63941097259521,7.7305326461792,7.95807790756226,15.68,-88.61,"america"
90,2009,0,16.4537811279297,3.76911234855652,8.68980121612549,7.41080331802368,7.89685583114624,15.68,-88.61,"america"
91,2004,1,15.7268924713135,4.35443162918091,7.32317066192627,7.42727136611938,7.18201923370361,15.85,-87.94,"america"
91,2005,0,15.7468614578247,4.34230470657349,7.92551898956299,7.29216241836548,7.25723886489868,15.85,-87.94,"america"
91,2006,0,15.7667531967163,4.32143354415894,7.5806999206543,7.4488377571106,7.34967613220215,15.85,-87.94,"america"
91,2007,0,15.7865924835205,4.37002372741699,6.90475082397461,7.30735063552856,7.45397758483887,15.85,-87.94,"america"
91,2008,0,15.8064441680908,4.24217748641968,6.64639043807983,7.55070638656616,7.55007791519165,15.85,-87.94,"america"
91,2009,0,15.8263845443726,4.02006244659424,6.1717004776001,7.2962908744812,7.55108070373535,15.85,-87.94,"america"
92,2004,0,15.6156177520752,4.00783586502075,9.48910808563232,7.21770095825195,7.87110996246338,13.59,-89.83,"america"
92,2005,1,15.6192874908447,3.91080212593079,8.85794162750244,7.3235878944397,7.94632768630981,13.59,-89.83,"america"
92,2006,0,15.6232566833496,3.66618800163269,8.99961948394775,7.39577436447144,8.02416706085205,13.59,-89.83,"america"
92,2007,0,15.6275548934937,3.84680032730103,8.62029075622559,7.40647172927856,8.10028743743896,13.59,-89.83,"america"
92,2008,0,15.632251739502,3.59128284454346,8.684401512146,7.63728141784668,8.15945720672607,13.59,-89.83,"america"
92,2009,0,15.6373920440674,3.32343506813049,8.73552513122559,7.3250617980957,8.11785888671875,13.59,-89.83,"america"
93,2004,0,15.4993686676025,5.49298095703125,8.26513576507568,7.47760915756226,6.72574520111084,12.48,-87.18,"america"
93,2005,0,15.5120830535889,5.32260799407959,8.89713573455811,7.50526857376099,6.80035924911499,12.48,-87.18,"america"
93,2006,0,15.5247802734375,5.48264503479004,9.05543899536133,7.54435634613037,6.85866069793701,12.48,-87.18,"america"
93,2007,0,15.5374794006348,5.55740785598755,8.7841625213623,7.40915966033936,6.92528629302979,12.48,-87.18,"america"
93,2008,0,15.5503435134888,5.40374708175659,8.71473217010498,7.6155104637146,7.0306077003479,12.48,-87.18,"america"
93,2009,0,15.5635499954224,5.20390129089355,9.10475730895996,7.39286518096924,6.99227428436279,12.48,-87.18,"america"
94,2004,0,15.2615671157837,5.29849100112915,7.64778614044189,7.98125171661377,8.38714027404785,9.99,-83.04,"america"
94,2005,0,15.2787961959839,5.00649881362915,7.68891334533691,8.01091003417969,8.44093036651611,9.99,-83.04,"america"
94,2006,0,15.2954072952271,5.20765781402588,7.69165658950806,7.97756671905518,8.54498195648193,9.99,-83.04,"america"
94,2007,0,15.3113822937012,5.2330584526062,7.69666719436646,7.97382593154907,8.68467044830322,9.99,-83.04,"america"
94,2008,0,15.3268308639526,5.08581399917603,7.69621276855469,8.00365161895752,8.79455280303955,9.99,-83.04,"america"
94,2009,1,15.3418760299683,4.91353559494019,7.69621276855469,7.91273403167725,8.76411056518555,9.99,-83.04,"america"
95,2004,0,15.0104427337646,5.06657934188843,10.4286003112793,7.81973075866699,8.40203857421875,9.36,-79.9,"america"
95,2005,0,15.0292148590088,5.0694408416748,10.6521873474121,7.76549768447876,8.47126007080078,9.36,-79.9,"america"
95,2006,0,15.0476360321045,5.25814390182495,10.6155796051025,7.7474217414856,8.556715965271,9.36,-79.9,"america"
95,2007,0,15.0657081604004,4.99346733093262,10.6736192703247,7.76343774795532,8.68395805358887,9.36,-79.9,"america"
95,2008,0,15.0834379196167,4.87775373458862,10.4476127624512,7.74468898773193,8.81763744354248,9.36,-79.9,"america"
95,2009,0,15.1008367538452,4.76612281799316,10.5685949325562,7.68881273269653,8.85075569152832,9.36,-79.9,"america"
100,2004,1,17.5656642913818,5.40720796585083,10.0085678100586,7.79200553894043,7.92381429672241,10.4,-75.5,"america"
100,2005,1,17.5809803009033,5.39892721176147,10.0827207565308,7.79778671264648,8.13309001922607,10.4,-75.5,"america"
100,2006,1,17.5960884094238,5.37102937698364,9.57108688354492,7.89013004302979,8.22171878814697,10.4,-75.5,"america"
100,2007,0,17.6109638214111,5.48232507705688,9.95446586608887,7.83114910125732,8.45031929016113,10.4,-75.5,"america"
100,2008,1,17.6255683898926,5.28775835037231,9.99190998077393,7.84926891326904,8.59806060791016,10.4,-75.5,"america"
100,2009,1,17.6398506164551,5.14267110824585,10.3600263595581,7.75972604751587,8.54122161865234,10.4,-75.5,"america"
101,2004,0,17.0836086273193,6.52652502059937,12.3764524459839,7.29203605651855,8.36451721191406,10.47,-68.17,"america"
101,2005,0,17.1011428833008,6.59130430221558,12.0893249511719,7.41439819335938,8.60470485687256,10.47,-68.17,"america"
101,2006,0,17.1183929443359,6.58225584030151,11.7182474136353,7.40035057067871,8.81925487518311,10.47,-68.17,"america"
101,2007,0,17.1353511810303,6.63060855865479,11.9101295471191,7.36956691741943,9.02983856201172,10.47,-68.17,"america"
101,2008,0,17.1520023345947,6.44997453689575,11.3649129867554,7.3838472366333,9.32797622680664,10.47,-68.17,"america"
101,2009,1,17.1683235168457,6.19000625610352,11.4093074798584,7.33896827697754,9.35448360443115,10.47,-68.17,"america"
110,2004,1,13.5370378494263,5.47943878173828,6.20253562927246,7.63546752929688,7.43200922012329,6.78999996185303,-58.1599998474121,"america"
110,2005,1,13.5421705245972,5.71826028823853,6.25575017929077,7.62269973754883,7.47463989257812,6.78999996185303,-58.1599998474121,"america"
110,2006,1,13.5481109619141,5.71269655227661,5.9322452545166,7.63833618164062,7.57505130767822,6.78999996185303,-58.1599998474121,"america"
110,2007,0,13.5546741485596,5.73684787750244,5.6240177154541,7.65427732467651,7.74942541122437,6.78999996185303,-58.1599998474121,"america"
110,2008,0,13.5615711212158,5.77153062820435,5.74300336837769,7.6312518119812,7.84701013565063,6.78999996185303,-58.1599998474121,"america"
110,2009,0,13.5684003829956,5.28024959564209,4.94876003265381,7.5193943977356,7.89727592468262,6.78999996185303,-58.1599998474121,"america"
115,2004,0,13.1090631484985,5.11229276657104,6.09582471847534,7.54834318161011,8.20546054840088,5.84999990463257,-55.2000007629395,"america"
115,2005,0,13.1214084625244,5.15882873535156,5.86363124847412,7.70292329788208,8.38760852813721,5.84999990463257,-55.2000007629395,"america"
130,2004,1,16.420352935791,5.47630739212036,11.6322364807129,7.53708410263062,7.81257772445679,-2.21,-79.9,"america"
130,2005,0,16.4385204315186,5.39532136917114,12.225414276123,7.50504493713379,7.91989183425903,-2.21,-79.9,"america"
130,2006,1,16.4562454223633,5.44857549667358,11.918363571167,7.57285404205322,8.02539157867432,-2.21,-79.9,"america"
130,2007,0,16.4735584259033,5.39961004257202,11.8049602508545,7.50411701202393,8.09728050231934,-2.21,-79.9,"america"
130,2008,1,16.490514755249,5.29216384887695,11.4555721282959,7.47624635696411,8.25749111175537,-2.21,-79.9,"america"
130,2009,1,16.5071887969971,5.17934942245483,11.6368141174316,7.35951614379883,8.2018518447876,-2.21,-79.9,"america"
135,2004,1,17.1261940002441,7.03897666931152,16.0222110748291,7.46788167953491,7.84720897674561,-12.0699996948242,-77.0500030517578,"america"
135,2005,1,17.1377830505371,6.90024471282959,15.9931621551514,7.43749237060547,7.96579313278198,-12.0699996948242,-77.0500030517578,"america"
135,2006,1,17.148811340332,6.7959361076355,15.6627941131592,7.48921060562134,8.10558319091797,-12.0699996948242,-77.0500030517578,"america"
135,2007,1,17.1593761444092,6.73262548446655,15.6879186630249,7.4187536239624,8.24734878540039,-12.0699996948242,-77.0500030517578,"america"
135,2008,1,17.1698131561279,6.34532833099365,15.6941337585449,7.3903694152832,8.41978073120117,-12.0699996948242,-77.0500030517578,"america"
135,2009,1,17.1805381774902,6.22246932983398,15.6318407058716,7.44580316543579,8.41885185241699,-12.0699996948242,-77.0500030517578,"america"
140,2004,1,19.0305023193359,7.07700300216675,11.4923248291016,7.49923038482666,8.19138813018799,-23.95,-46.33,"america"
140,2005,1,19.0420227050781,7.12088871002197,11.5041971206665,7.47396802902222,8.46432018280029,-23.95,-46.33,"america"
140,2006,1,19.0526676177979,7.20728921890259,11.5745754241943,7.48743772506714,8.66478443145752,-23.95,-46.33,"america"
140,2007,1,19.0625190734863,7.24820041656494,11.6507377624512,7.43579578399658,8.88206100463867,-23.95,-46.33,"america"
140,2008,1,19.0717849731445,7.15942525863647,11.5291433334351,7.48993301391602,9.06331443786621,-23.95,-46.33,"america"
140,2009,1,19.0807418823242,7.02059698104858,11.6266288757324,7.55780076980591,9.03407192230225,-23.95,-46.33,"america"
155,2004,0,16.598560333252,7.41505718231201,15.1802434921265,6.99444913864136,8.72541809082031,-33.6,-71.61,"america"
155,2005,0,16.6089897155762,7.50811290740967,15.0022621154785,7.10086727142334,8.929123878479,-33.6,-71.61,"america"
155,2006,0,16.6191463470459,7.36775827407837,14.8349704742432,7.03570699691772,9.14759540557861,-33.6,-71.61,"america"
155,2007,0,16.6290550231934,7.33260917663574,14.9197578430176,6.93910646438599,9.25011253356934,-33.6,-71.61,"america"
155,2008,0,16.638744354248,7.24685430526733,14.5907402038574,7.03341102600098,9.27751922607422,-33.6,-71.61,"america"
155,2009,0,16.6482372283936,7.04683113098145,14.4967622756958,7.00623273849487,9.22807121276855,-33.6,-71.61,"america"
160,2004,0,17.4611892700195,6.91243267059326,9.76399517059326,6.50422239303589,8.29252433776855,-34.61,-58.37,"america"
160,2005,0,17.4700012207031,7.00671577453613,10.1887788772583,6.47266292572021,8.46295928955078,-34.61,-58.37,"america"
160,2006,1,17.4787883758545,6.89934015274048,10.495044708252,6.46432065963745,8.61080551147461,-34.61,-58.37,"america"
160,2007,0,17.4875335693359,7.01732921600342,10.5958595275879,6.47571134567261,8.80486392974854,-34.61,-58.37,"america"
160,2008,0,17.4962596893311,6.9336986541748,10.5759468078613,6.38903999328613,9.02048397064209,-34.61,-58.37,"america"
160,2009,0,17.5049800872803,6.86228036880493,10.6983556747437,6.43699741363525,8.94981479644775,-34.61,-58.37,"america"
165,2004,0,15.0166263580322,6.01365566253662,10.3622407913208,6.95999479293823,8.32377910614014,-34.87,-56.17,"america"
165,2005,0,15.0170269012451,6.36849117279053,10.336049079895,7.19557094573975,8.56136131286621,-34.87,-56.17,"america"
165,2006,0,15.0185480117798,6.16874980926514,10.4388103485107,7.06691312789917,8.68003082275391,-34.87,-56.17,"america"
165,2007,0,15.0209970474243,6.32511520385742,10.2865705490112,7.27898454666138,8.8563117980957,-34.87,-56.17,"america"
165,2008,0,15.0241422653198,6.13223695755005,10.2661151885986,6.73786401748657,9.11332988739014,-34.87,-56.17,"america"
165,2009,0,15.0275802612305,5.87312698364258,10.1235466003418,7.25527620315552,9.11422157287598,-34.87,-56.17,"america"
200,2004,0,17.9076499938965,7.07515478134155,13.0630311965942,6.89622068405151,10.5100002288818,51.95,1.31,"europe"
200,2005,0,17.9135856628418,7.0242977142334,13.125659942627,6.80475616455078,10.5488929748535,51.95,1.31,"europe"
200,2006,0,17.9197330474854,7.09528493881226,12.9809494018555,6.86230993270874,10.6095371246338,51.95,1.31,"europe"
200,2007,1,17.9261646270752,7.09737348556519,12.9500198364258,6.88890409469604,10.7450370788574,51.95,1.31,"europe"
200,2008,0,17.9328155517578,7.00687313079834,12.8834104537964,6.96884346008301,10.6743726730347,51.95,1.31,"europe"
200,2009,0,17.9395923614502,7.0307502746582,12.9169397354126,6.94983577728271,10.4750947952271,51.95,1.31,"europe"
205,2004,0,15.2192182540894,5.55909490585327,12.3190393447876,6.95912265777588,10.7286558151245,53.33,-6.25,"europe"
205,2005,0,15.2410049438477,5.71877193450928,12.3507661819458,6.89291000366211,10.7946949005127,53.33,-6.25,"europe"
205,2006,0,15.2648601531982,5.72697639465332,12.0710716247559,7.01131629943848,10.8733816146851,53.33,-6.25,"europe"
205,2007,0,15.287278175354,5.7386622428894,12.0837526321411,6.92192459106445,11.0053253173828,53.33,-6.25,"europe"
205,2008,0,15.3029356002808,5.59880065917969,12.0475044250488,7.10589599609375,11.0053834915161,53.33,-6.25,"europe"
205,2009,0,15.3104219436646,5.83106136322021,12.3707475662231,7.13318300247192,10.8352184295654,53.33,-6.25,"europe"
210,2004,0,16.6055564880371,5.65764427185059,13.0316486358643,6.70470523834229,10.5344753265381,51.93,4.48,"europe"
210,2005,0,16.6078929901123,5.69748449325562,13.114236831665,6.66661262512207,10.5753307342529,51.93,4.48,"europe"
210,2006,0,16.6095008850098,5.72875547409058,12.9290475845337,6.65018844604492,10.6305122375488,51.93,4.48,"europe"
210,2007,0,16.6116752624512,5.97755670547485,12.804051399231,6.77071619033813,10.7704057693481,51.93,4.48,"europe"
210,2008,0,16.6155681610107,5.70565319061279,12.8203115463257,6.67447853088379,10.8736228942871,51.93,4.48,"europe"
210,2009,0,16.6207103729248,5.615478515625,12.709716796875,6.59621429443359,10.7808265686035,51.93,4.48,"europe"
211,2004,0,16.1593475341797,4.33430242538452,9.19735622406006,6.68377351760864,10.4608631134033,51.22,4.42,"europe"
211,2005,0,16.1648464202881,4.3222131729126,9.09110641479492,6.66484832763672,10.4977588653564,51.22,4.42,"europe"
211,2006,1,16.1714420318604,4.08819627761841,8.99974250793457,6.70941925048828,10.5501441955566,51.22,4.42,"europe"
211,2007,0,16.1787853240967,4.42166233062744,9.04664421081543,6.82115364074707,10.6830921173096,51.22,4.42,"europe"
211,2008,0,16.1866855621338,4.23490476608276,9.02328777313232,6.74221849441528,10.775954246521,51.22,4.42,"europe"
211,2009,0,16.1947326660156,4.33143949508667,8.96865081787109,6.69717931747437,10.7011184692383,51.22,4.42,"europe"
220,2004,0,17.9539051055908,6.18845081329346,12.6333837509155,6.5406641960144,10.4023380279541,49.5,0.12,"europe"
220,2005,0,17.9614391326904,6.01712846755981,12.5594263076782,6.43930673599243,10.4341707229614,49.5,0.12,"europe"
220,2006,0,17.9684066772461,6.00831651687622,12.5775947570801,6.59724569320679,10.4820318222046,49.5,0.12,"europe"
220,2007,0,17.9745903015137,6.08566188812256,12.4029912948608,6.6375880241394,10.6111707687378,49.5,0.12,"europe"
220,2008,1,17.9801750183105,6.00871419906616,12.3451042175293,6.73156261444092,10.6975002288818,49.5,0.12,"europe"
220,2009,0,17.9853172302246,5.84835004806519,12.1175146102905,6.5821270942688,10.6139354705811,49.5,0.12,"europe"
230,2004,0,17.5695152282715,5.4767050743103,12.8002443313599,6.27118825912476,10.1042060852051,36.13,-5.45,"europe"
230,2005,0,17.5859279632568,5.57052087783813,12.72034740448,5.91888093948364,10.168080329895,36.13,-5.45,"europe"
230,2006,0,17.6023426055908,5.66699695587158,12.7288675308228,6.28462934494019,10.2430801391602,36.13,-5.45,"europe"
230,2007,0,17.6194801330566,5.58738231658936,12.4541158676147,6.15481328964233,10.3833122253418,36.13,-5.45,"europe"
230,2008,0,17.6344470977783,5.47280073165894,12.5050020217896,6.35024738311768,10.4714860916138,36.13,-5.45,"europe"
230,2009,0,17.642162322998,5.53176259994507,12.4411249160767,6.21817064285278,10.3704299926758,36.13,-5.45,"europe"
235,2004,0,16.1670742034912,5.01515626907349,11.7770805358887,6.40096282958984,9.77828598022461,38.72,-9.14,"europe"
235,2005,0,16.1715812683105,5.01379919052124,11.775336265564,6.23088836669922,9.80893325805664,38.72,-9.14,"europe"
235,2006,0,16.1748867034912,5.11122035980225,11.7715129852295,6.76881408691406,9.85624408721924,38.72,-9.14,"europe"
235,2007,0,16.1771507263184,5.14185190200806,11.9351491928101,6.32733678817749,9.99176692962646,38.72,-9.14,"europe"
235,2008,0,16.1784763336182,5.00512552261353,11.7822198867798,6.61260890960693,10.0727739334106,38.72,-9.14,"europe"
235,2009,0,16.1794242858887,4.97459030151367,11.6159963607788,6.68991613388062,9.99720096588135,38.72,-9.14,"europe"
255,2004,0,18.2285060882568,6.55381155014038,12.2435903549194,6.58112812042236,10.4053783416748,53.55,10,"europe"
255,2005,0,18.2279376983643,6.53098106384277,12.3502807617188,6.51118803024292,10.4197130203247,53.55,10,"europe"
255,2006,0,18.2268104553223,6.59759378433228,12.4100208282471,6.46409893035889,10.4679327011108,53.55,10,"europe"
255,2007,0,18.2254734039307,6.68547391891479,12.4233150482178,6.75097131729126,10.6036262512207,53.55,10,"europe"
255,2008,0,18.2235717773438,6.61257457733154,12.3589563369751,6.53106451034546,10.6905040740967,53.55,10,"europe"
255,2009,0,18.2210369110107,6.62706899642944,12.2295055389404,6.5357723236084,10.5973682403564,53.55,10,"europe"
290,2004,0,17.4578800201416,6.14649963378906,11.877589225769,6.36618709564209,8.79804611206055,54.52,18.53,"europe"
290,2005,0,17.4574413299561,6.27582597732544,11.6527481079102,6.33806705474854,8.98257350921631,54.52,18.53,"europe"
290,2006,0,17.45680809021,6.07947874069214,11.5762195587158,6.31419467926025,9.09932994842529,54.52,18.53,"europe"
290,2007,0,17.4562644958496,6.17538738250732,11.6139736175537,6.5237979888916,9.31758117675781,54.52,18.53,"europe"
290,2008,0,17.4563999176025,6.14746713638306,11.4338493347168,6.38600540161133,9.53622436523438,54.52,18.53,"europe"
290,2009,0,17.4570789337158,6.14955472946167,11.9789209365845,6.48101091384888,9.32953453063965,54.52,18.53,"europe"
325,2004,0,17.8789710998535,5.30716800689697,11.4751300811768,6.68405342102051,10.3018379211426,38.41,15.89,"europe"
325,2005,0,17.8863658905029,5.3666410446167,11.6649169921875,6.59077787399292,10.323694229126,38.41,15.89,"europe"
325,2006,0,17.8920555114746,5.25367164611816,11.8466653823853,6.50810766220093,10.3641147613525,38.41,15.89,"europe"
325,2007,0,17.8993892669678,5.20262765884399,11.6206846237183,6.50325775146484,10.4844121932983,38.41,15.89,"europe"
325,2008,0,17.907054901123,5.25797557830811,11.3755235671997,6.75144624710083,10.5590600967407,38.41,15.89,"europe"
325,2009,0,17.9130611419678,5.20744562149048,11.5034503936768,6.71645927429199,10.464262008667,38.41,15.89,"europe"
339,2004,0,14.9837102890015,2.58149933815002,6.45990467071533,7.08348894119263,7.75720882415771,41.3300018310547,19.4500007629395,"europe"
339,2005,0,14.9774513244629,2.59938859939575,6.159095287323,6.99117708206177,7.86202621459961,41.3300018310547,19.4500007629395,"europe"
339,2006,0,14.9722576141357,2.58991289138794,6.31535816192627,6.77865934371948,7.95466470718384,41.3300018310547,19.4500007629395,"europe"
339,2007,0,14.9680500030518,2.74242782592773,6.28413438796997,6.79666519165039,8.12446784973145,41.3300018310547,19.4500007629395,"europe"
339,2008,0,14.9650087356567,2.64560222625732,6.32972097396851,6.72198724746704,8.31428146362305,41.3300018310547,19.4500007629395,"europe"
339,2009,0,14.9632892608643,2.90060925483704,6.49978685379028,7.07152795791626,8.24163818359375,41.3300018310547,19.4500007629395,"europe"
344,2004,0,15.3059396743774,3.52947854995728,10.0107707977295,6.79157066345215,9.12861156463623,45.33,14.44,"europe"
344,2005,0,15.3066148757935,3.50492978096008,10.2093534469604,6.79266786575317,9.21933555603027,45.33,14.44,"europe"
344,2006,0,15.3061647415161,3.5228750705719,10.3092527389526,6.64662456512451,9.32762145996094,45.33,14.44,"europe"
344,2007,0,15.3052635192871,3.55694198608398,10.3575525283813,6.68120336532593,9.50346946716309,45.33,14.44,"europe"
344,2008,0,15.3048124313354,3.48144316673279,10.46755027771,6.76441240310669,9.66455078125,45.33,14.44,"europe"
344,2009,0,15.3036842346191,3.50655031204224,10.8102130889893,6.79776525497437,9.5540714263916,45.33,14.44,"europe"
349,2004,0,14.5071630477905,1.98728787899017,6.52795791625977,6.74070978164673,9.73720645904541,45.55,13.73,"europe"
349,2005,0,14.5088949203491,1.95067453384399,6.7867169380188,6.77335023880005,9.78921413421631,45.55,13.73,"europe"
349,2006,0,14.5120859146118,1.68650448322296,6.70930433273315,6.66105365753174,9.87331676483154,45.55,13.73,"europe"
349,2007,0,14.5176782608032,2.01500558853149,6.62406539916992,6.70245933532715,10.0659608840942,45.55,13.73,"europe"
349,2008,0,14.5192594528198,1.75506615638733,6.36475086212158,6.7741847038269,10.2048015594482,45.55,13.73,"europe"
349,2009,0,14.5282983779907,2.08296394348145,6.60529804229736,6.87382793426514,10.1024932861328,45.55,13.73,"europe"
350,2004,0,16.2189998626709,4.78433275222778,10.6729707717896,6.4006404876709,9.92568969726562,37.941577911377,23.6321449279785,"europe"
350,2005,0,16.2228126525879,4.82193183898926,10.7021198272705,6.66010141372681,9.97430419921875,37.941577911377,23.6321449279785,"europe"
350,2006,0,16.2268123626709,4.93008422851562,10.7931470870972,6.4558310508728,10.0586652755737,37.941577911377,23.6321449279785,"europe"
350,2007,0,16.2307777404785,4.80281019210815,10.7714281082153,6.46428108215332,10.2068614959717,37.941577911377,23.6321449279785,"europe"
350,2008,0,16.2347316741943,4.78841400146484,10.7638845443726,6.27924680709839,10.3161115646362,37.941577911377,23.6321449279785,"europe"
350,2009,0,16.2387866973877,4.71383237838745,10.7044343948364,6.68925285339355,10.2545166015625,37.941577911377,23.6321449279785,"europe"
352,2004,0,13.8312063217163,2.36717081069946,6.15485811233521,6.31735706329346,9.96262741088867,34.68,33.05,"asia"
352,2005,0,13.8475770950317,2.34372591972351,6.56948137283325,6.04731130599976,10.0122728347778,34.68,33.05,"asia"
352,2006,0,13.8626937866211,2.42189502716064,6.76849317550659,6.01994466781616,10.0806493759155,34.68,33.05,"asia"
352,2007,0,13.8766946792603,2.47827291488647,7.01750612258911,6.00491762161255,10.2286796569824,34.68,33.05,"asia"
352,2008,0,13.8897724151611,2.41767120361328,6.60800075531006,5.57858943939209,10.3638353347778,34.68,33.05,"asia"
352,2009,0,13.902195930481,2.28510308265686,6.36990118026733,6.36494064331055,10.2845525741577,34.68,33.05,"asia"
355,2004,0,15.8672161102295,4.37055921554565,8.04782962799072,6.47262477874756,8.08515548706055,43.21,27.9,"europe"
355,2005,0,15.8618993759155,4.41792583465576,7.88042640686035,6.73884725570679,8.22511863708496,43.21,27.9,"europe"
355,2006,0,15.8566036224365,4.38939571380615,7.91717195510864,6.37322092056274,8.3707447052002,43.21,27.9,"europe"
355,2007,0,15.8514919281006,3.88454937934875,8.0827112197876,6.45054244995117,8.61472702026367,43.21,27.9,"europe"
355,2008,0,15.8467321395874,3.96306896209717,8.43032741546631,6.16347408294678,8.82860660552979,43.21,27.9,"europe"
355,2009,0,15.841700553894,4.07367706298828,8.49002742767334,6.50301122665405,8.77016353607178,43.21,27.9,"europe"
365,2004,0,18.7842788696289,10.1521701812744,14.5048446655273,6.0600700378418,8.31752681732178,59.93,30.32,"europe"
365,2005,0,18.7794036865234,10.1485481262207,14.5495672225952,6.03828382492065,8.57762050628662,59.93,30.32,"europe"
365,2006,0,18.7748527526855,10.1846714019775,14.5953817367554,6.06976127624512,8.83898639678955,59.93,30.32,"europe"
365,2007,0,18.7720413208008,10.3044605255127,14.6690540313721,6.10115671157837,9.11274433135986,59.93,30.32,"europe"
365,2008,0,18.7709846496582,10.2577323913574,14.6883087158203,6.082932472229,9.35885429382324,59.93,30.32,"europe"
365,2009,0,18.7707042694092,10.3844833374023,14.7322044372559,6.0623836517334,9.05323505401611,59.93,30.32,"europe"
366,2004,0,14.1150894165039,7.18627595901489,11.1112833023071,6.55814409255981,9.09631538391113,59.44,24.74,"europe"
366,2005,0,14.1127195358276,7.3750581741333,11.2733602523804,6.30487155914307,9.2428503036499,59.44,24.74,"europe"
366,2006,0,14.1108236312866,7.32711410522461,11.1791572570801,6.24434375762939,9.43393230438232,59.44,24.74,"europe"
366,2007,0,14.1094274520874,7.38549852371216,11.2794790267944,6.50019788742065,9.70353603363037,59.44,24.74,"europe"
366,2008,0,14.1086835861206,7.34314393997192,11.3127536773682,6.62488651275635,9.78118896484375,59.44,24.74,"europe"
366,2009,0,14.1083822250366,7.09328508377075,11.3114337921143,6.527268409729,9.56498336791992,59.44,24.74,"europe"
367,2004,0,14.653977394104,6.47898530960083,11.5239639282227,6.50540018081665,8.68646335601807,56.97,24.13,"europe"
367,2005,0,14.648642539978,6.60463571548462,11.6208648681641,6.39215993881226,8.841139793396,56.97,24.13,"europe"
367,2006,0,14.6431655883789,6.50391387939453,11.5954637527466,6.32080745697021,9.06628513336182,56.97,24.13,"europe"
367,2007,0,14.6379737854004,6.52675342559814,11.6583232879639,6.53207015991211,9.43802642822266,56.97,24.13,"europe"
367,2008,0,14.6335678100586,6.56419610977173,11.6653032302856,6.5477819442749,9.59758377075195,56.97,24.13,"europe"
367,2009,0,14.628586769104,6.45893955230713,11.6500577926636,6.54481315612793,9.34424209594727,56.97,24.13,"europe"
368,2004,0,15.0496997833252,5.24006652832031,11.423810005188,6.48108291625977,8.79502391815186,55.71,21.13,"europe"
368,2005,0,15.0434846878052,5.31756687164307,11.151309967041,6.44486141204834,8.94129276275635,55.71,21.13,"europe"
368,2006,0,15.0375442504883,5.16670703887939,11.4714260101318,6.38152313232422,9.09376335144043,55.71,21.13,"europe"
368,2007,0,15.0320892333984,5.30082511901855,11.7806673049927,6.58801317214966,9.36186027526855,55.71,21.13,"europe"
368,2008,0,15.0268907546997,5.3778338432312,11.7335777282715,6.51024150848389,9.55623817443848,55.71,21.13,"europe"
368,2009,0,15.0213184356689,5.16438293457031,11.5967607498169,6.56512594223022,9.31371307373047,55.71,21.13,"europe"
369,2004,0,17.675220489502,6.65358686447144,11.4551372528076,6.42175149917603,7.22432088851929,46.47,30.73,"europe"
369,2005,0,17.6678924560547,6.82048797607422,11.3770484924316,6.35413312911987,7.51521921157837,46.47,30.73,"europe"
369,2006,0,17.6611328125,6.77080154418945,11.6754188537598,6.28964328765869,7.74617290496826,46.47,30.73,"europe"
369,2007,0,17.6551647186279,6.89189672470093,11.2819509506226,6.24200105667114,8.03387641906738,46.47,30.73,"europe"
369,2008,0,17.6497497558594,6.71805763244629,11.1134176254272,6.29797315597534,8.27220726013184,46.47,30.73,"europe"
369,2009,0,17.6453094482422,6.53730964660645,11.3901929855347,6.29306077957153,7.84944200515747,46.47,30.73,"europe"
372,2004,0,15.2783727645874,3.6855456829071,9.36700248718262,6.8450813293457,7.03361034393311,42.15,41.66,"asia"
372,2005,0,15.2883033752441,3.50815844535828,9.17730045318604,6.80037498474121,7.26681089401245,42.15,41.66,"asia"
372,2006,0,15.2966604232788,3.44372701644897,9.13927364349365,6.77871322631836,7.4635443687439,42.15,41.66,"asia"
372,2007,0,15.2944755554199,3.66824197769165,9.77241039276123,6.84575414657593,7.74226140975952,42.15,41.66,"asia"
372,2008,0,15.2934265136719,4.02395057678223,10.1643505096436,6.65461444854736,7.9765772819519,42.15,41.66,"asia"
372,2009,0,15.2995891571045,3.73486614227295,10.1073665618896,6.86800718307495,7.80863809585571,42.15,41.66,"asia"
375,2004,0,15.4695720672607,7.47723484039307,11.3912439346313,6.1877293586731,10.4961853027344,60.47,26.93,"europe"
375,2005,0,15.4729948043823,7.56762361526489,11.3522634506226,6.12525987625122,10.5275869369507,60.47,26.93,"europe"
375,2006,0,15.4768323898315,7.56655216217041,11.5091381072998,6.14397001266479,10.5837917327881,60.47,26.93,"europe"
375,2007,0,15.481086730957,7.57259225845337,11.6517305374146,6.341881275177,10.7477054595947,60.47,26.93,"europe"
375,2008,0,15.4857425689697,7.42264270782471,11.5974597930908,6.48480939865112,10.8426790237427,60.47,26.93,"europe"
375,2009,0,15.4905242919922,7.29888105392456,11.6517562866211,6.2623987197876,10.7103033065796,60.47,26.93,"europe"
380,2004,0,16.0120162963867,7.82998895645142,12.4685678482056,6.44080877304077,10.6048746109009,57.72,12.01,"europe"
380,2005,0,16.0160160064697,7.80954217910767,12.4165201187134,6.34100770950317,10.6223440170288,57.72,12.01,"europe"
380,2006,0,16.0216407775879,7.83666753768921,12.4692134857178,6.26818895339966,10.6896533966064,57.72,12.01,"europe"
380,2007,0,16.0290565490723,7.92671871185303,12.3427906036377,6.3807110786438,10.8294334411621,57.72,12.01,"europe"
380,2008,0,16.0368461608887,7.77754545211792,12.3115043640137,6.43984127044678,10.8710870742798,57.72,12.01,"europe"
380,2009,0,16.0453643798828,7.74806070327759,12.1770401000977,6.43361949920654,10.6823654174805,57.72,12.01,"europe"
385,2004,0,15.3398065567017,6.6667366027832,14.7041053771973,7.05304193496704,10.9453125,59.91,10.75,"europe"
385,2005,0,15.3466176986694,6.61526679992676,14.6546096801758,7.03899002075195,11.0938720703125,59.91,10.75,"europe"
385,2006,0,15.3546714782715,6.74263381958008,14.5909738540649,6.91950750350952,11.1959209442139,59.91,10.75,"europe"
385,2007,0,15.3650188446045,6.85661792755127,14.6341638565063,7.07592248916626,11.330548286438,59.91,10.75,"europe"
385,2008,0,15.3774824142456,6.78500890731812,14.6497030258179,7.0330057144165,11.4613771438599,59.91,10.75,"europe"
385,2009,0,15.3900928497314,6.70473194122314,14.6992092132568,6.87897920608521,11.2583589553833,59.91,10.75,"europe"
390,2004,0,15.5027465820312,6.98283100128174,13.7551755905151,6.69606828689575,10.7214527130127,56.16,10.21,"europe"
390,2005,0,15.5055017471313,6.96518898010254,13.5847082138062,6.41577434539795,10.7694635391235,56.16,10.21,"europe"
390,2006,0,15.5087881088257,7.03538656234741,13.5642681121826,6.59438276290894,10.8279933929443,56.16,10.21,"europe"
390,2007,0,15.513222694397,7.18588829040527,13.2499895095825,6.68434762954712,10.9497699737549,56.16,10.21,"europe"
390,2008,0,15.5190982818604,7.11584901809692,13.3525886535645,6.56528186798096,11.0437927246094,56.16,10.21,"europe"
390,2009,0,15.5244493484497,7.08583974838257,13.4769268035889,6.44401979446411,10.9386529922485,56.16,10.21,"europe"
402,2004,0,13.0680694580078,4.06460332870483,8.08209323883057,4.55825757980347,7.59094524383545,14.9300003051758,-23.5400009155273,"africa"
402,2005,0,13.0787267684937,4.06343507766724,8.87542724609375,4.85935163497925,7.6282377243042,14.9300003051758,-23.5400009155273,"africa"
402,2006,0,13.0855751037598,4.10768699645996,9.00109958648682,4.79580593109131,7.74779796600342,14.9300003051758,-23.5400009155273,"africa"
402,2007,0,13.0892467498779,4.07882308959961,8.30819892883301,4.70485305786133,7.92153358459473,14.9300003051758,-23.5400009155273,"africa"
402,2008,0,13.0911846160889,4.22063541412354,9.0375337600708,4.77702903747559,8.06510257720947,14.9300003051758,-23.5400009155273,"africa"
402,2009,0,13.0933752059937,4.10143327713013,8.09529399871826,4.88247013092041,8.07960224151611,14.9300003051758,-23.5400009155273,"africa"
404,2004,0,14.1453828811646,5.54736661911011,1.60943794250488,6.71273326873779,5.96854639053345,11.8699998855591,-15.6000003814697,"africa"
404,2005,0,14.1672334671021,5.66326570510864,3.93182563781738,7.18648624420166,6.03809213638306,11.8699998855591,-15.6000003814697,"africa"
404,2006,0,14.1889066696167,5.73812818527222,3.91202306747437,7.03441286087036,6.02780294418335,11.8699998855591,-15.6000003814697,"africa"
404,2007,0,14.2104787826538,5.62973737716675,3.91202306747437,6.90519046783447,6.1875376701355,11.8699998855591,-15.6000003814697,"africa"
404,2008,0,14.2321929931641,5.54131603240967,3.91202306747437,7.17775917053223,6.36845064163208,11.8699998855591,-15.6000003814697,"africa"
404,2009,1,14.2543487548828,5.59979677200317,3.91202306747437,7.16858053207397,6.36391973495483,11.8699998855591,-15.6000003814697,"africa"
411,2004,0,13.2810459136963,5.06370306015015,7.62559509277344,7.62266397476196,8.99901390075684,1.87000000476837,9.76000022888184,"africa"
411,2005,0,13.3107461929321,4.70628309249878,7.7406644821167,7.56917524337769,9.38061046600342,1.87000000476837,9.76000022888184,"africa"
411,2006,0,13.3399181365967,4.85284233093262,7.84541606903076,7.6513991355896,9.51957321166992,1.87000000476837,9.76000022888184,"africa"
411,2007,0,13.3686265945435,4.94643211364746,7.93737459182739,7.82925462722778,9.71846199035645,1.87000000476837,9.76000022888184,"africa"
411,2008,1,13.3969984054565,4.6111536026001,8.03915691375732,7.71648502349854,10.0713930130005,1.87000000476837,9.76000022888184,"africa"
411,2009,0,13.4252061843872,4.65292692184448,8.27944374084473,7.75662469863892,9.5911865234375,1.87000000476837,9.76000022888184,"africa"
420,2004,0,14.1462049484253,5.04001331329346,9.80972576141357,6.3069167137146,5.98215675354004,NA,NA,"africa"
420,2005,0,14.1777544021606,4.86752319335938,9.65835380554199,6.79510068893433,6.03706407546997,NA,NA,"africa"
420,2006,0,14.2091217041016,5.00617265701294,9.81246852874756,6.64786148071289,6.04933643341064,NA,NA,"africa"
420,2007,0,14.2403898239136,4.93370866775513,9.83627891540527,6.50054836273193,6.22321033477783,NA,NA,"africa"
420,2008,0,14.2716588973999,4.77161550521851,9.84304714202881,6.78249359130859,6.40018653869629,NA,NA,"africa"
420,2009,0,14.3030672073364,4.68582153320312,9.91215038299561,6.8174204826355,6.29022789001465,NA,NA,"africa"
433,2004,1,16.2104530334473,6.02021980285645,12.1015787124634,6.07290935516357,6.63201761245728,14.72,-17.48,"africa"
433,2005,0,16.2377281188965,5.83541250228882,11.903039932251,6.49934053421021,6.68579387664795,14.72,-17.48,"africa"
433,2006,0,16.265043258667,5.99307155609131,11.8174571990967,6.30791807174683,6.73086595535278,14.72,-17.48,"africa"
433,2007,0,16.2924671173096,5.97725343704224,11.9958143234253,6.32374095916748,6.89105319976807,14.72,-17.48,"africa"
433,2008,0,16.3201217651367,5.88611507415771,12.2104482650757,6.48239231109619,7.03498411178589,14.72,-17.48,"africa"
433,2009,0,16.3481616973877,5.78602933883667,12.0832948684692,6.54602956771851,6.9610071182251,14.72,-17.48,"africa"
434,2004,0,15.8852548599243,3.4519522190094,8.39998531341553,6.83959865570068,6.30547904968262,6.36,2.44,"africa"
434,2005,0,15.9174909591675,3.53731155395508,8.1318244934082,6.82021331787109,6.34719228744507,6.36,2.44,"africa"
434,2006,0,15.9489278793335,3.5110764503479,8.16422557830811,6.86881542205811,6.3931245803833,6.36,2.44,"africa"
434,2007,0,15.9796943664551,3.27425575256348,7.35691833496094,7.03386068344116,6.5212459564209,6.36,2.44,"africa"
434,2008,0,16.0097637176514,3.67319560050964,6.96319007873535,7.02138757705688,6.67691993713379,6.36,2.44,"africa"
434,2009,1,16.0391368865967,2.78382468223572,7.0457763671875,7.02735090255737,6.64060163497925,6.36,2.44,"africa"
435,2004,1,14.9324293136597,6.21550703048706,11.3676795959473,4.67646741867065,6.45714664459229,18.09,-15.98,"africa"
435,2005,1,14.9616947174072,6.19959354400635,11.5070886611938,5.0056676864624,6.57487773895264,18.09,-15.98,"africa"
435,2006,1,14.9903774261475,6.18524789810181,10.7010402679443,4.81259441375732,6.87882900238037,18.09,-15.98,"africa"
435,2007,0,15.0184936523438,6.27566719055176,11.2656173706055,4.94884014129639,6.9516282081604,18.09,-15.98,"africa"
435,2008,0,15.0459985733032,6.15171003341675,10.957781791687,4.89290761947632,6.97575187683105,18.09,-15.98,"africa"
435,2009,0,15.0728569030762,5.98298215866089,11.6575794219971,5.03485918045044,6.74873304367065,18.09,-15.98,"africa"
437,2004,1,16.6571769714355,4.63969802856445,9.80040264129639,6.99247789382935,6.83904790878296,5.32999992370605,-4.03000020980835,"africa"
437,2005,1,16.6716346740723,4.65295553207397,9.14590835571289,7.10051250457764,6.85441780090332,5.32999992370605,-4.03000020980835,"africa"
437,2006,1,16.6869487762451,4.58705043792725,9.26936340332031,7.01750421524048,6.84873294830322,5.32999992370605,-4.03000020980835,"africa"
437,2007,0,16.7030487060547,4.60341310501099,9.1945161819458,7.08601522445679,6.96250009536743,5.32999992370605,-4.03000020980835,"africa"
437,2008,1,16.7202262878418,5.04716730117798,8.95686626434326,7.16372346878052,7.11163282394409,5.32999992370605,-4.03000020980835,"africa"
437,2009,1,16.7387447357178,4.46978521347046,8.65625953674316,7.06429243087769,7.08243370056152,5.32999992370605,-4.03000020980835,"africa"
438,2004,1,16.0540504455566,4.94037199020386,10.4297533035278,7.13583469390869,6.01265621185303,NA,NA,"africa"
438,2005,1,16.0748043060303,5.04848909378052,9.49084663391113,7.42712640762329,5.78259468078613,NA,NA,"africa"
438,2006,1,16.0977878570557,5.21211910247803,10.2657318115234,7.26528406143188,5.80289745330811,NA,NA,"africa"
438,2007,1,16.12278175354,5.08381938934326,10.3552312850952,7.35567712783813,6.21359300613403,NA,NA,"africa"
438,2008,1,16.1490783691406,4.9187183380127,10.4527645111084,7.5236668586731,6.31989860534668,NA,NA,"africa"
438,2009,1,16.1757278442383,5.09840965270996,10.4515218734741,7.46326637268066,6.29886913299561,NA,NA,"africa"
450,2004,1,14.9738512039185,4.32656860351562,7.82284545898438,7.55924367904663,5.13814926147461,NA,NA,"africa"
450,2005,0,15.0002355575562,4.56054592132568,7.34148406982422,7.70551538467407,5.25256156921387,NA,NA,"africa"
450,2006,0,15.0348024368286,4.14085006713867,7.10332202911377,7.67438173294067,5.35543537139893,NA,NA,"africa"
450,2007,1,15.0746231079102,4.19301748275757,8.0497465133667,7.74484205245972,5.45953512191772,NA,NA,"africa"
450,2008,1,15.1164417266846,4.32177209854126,7.43366670608521,7.78198766708374,5.52722263336182,NA,NA,"africa"
450,2009,0,15.1561374664307,4.14896774291992,7.43011426925659,7.65366458892822,5.58706998825073,NA,NA,"africa"
451,2004,1,15.4104795455933,4.54131603240967,11.1505918502808,7.6575231552124,5.6664571762085,NA,NA,"africa"
451,2005,0,15.4486446380615,4.87371587753296,11.2260293960571,7.85601902008057,5.75535440444946,NA,NA,"africa"
451,2006,1,15.4796085357666,4.71096992492676,11.2385149002075,7.82196617126465,5.85689163208008,NA,NA,"africa"
451,2007,1,15.5048704147339,4.75875520706177,11.1583337783813,7.85272979736328,5.9617395401001,NA,NA,"africa"
451,2008,0,15.5260848999023,4.40692377090454,11.5893497467041,7.89637613296509,6.07943725585938,NA,NA,"africa"
451,2009,0,15.5456037521362,4.60266351699829,11.5701560974121,7.88000202178955,6.04386281967163,NA,NA,"africa"
452,2004,1,16.8521690368652,4.64107990264893,12.0936822891235,6.96842241287231,6.51309299468994,5.64,0.01,"africa"
452,2005,1,16.8781547546387,4.38918399810791,11.8945894241333,6.95175504684448,6.67803716659546,5.64,0.01,"africa"
452,2006,1,16.9041767120361,4.33098125457764,11.9224290847778,7.00394344329834,6.82503128051758,5.64,0.01,"africa"
452,2007,1,16.9301662445068,4.20116662979126,11.4706335067749,7.07784652709961,6.99397468566895,5.64,0.01,"africa"
452,2008,1,16.9557819366455,4.54174280166626,11.6042461395264,7.08988475799561,7.11172723770142,5.64,0.01,"africa"
452,2009,1,16.9806289672852,4.10631608963013,11.6058416366577,7.14319038391113,7.00163507461548,5.64,0.01,"africa"
461,2004,0,15.5015115737915,3.36719989776611,9.44398880004883,6.91238880157471,5.90332889556885,6.17,1.35,"africa"
461,2005,0,15.5275440216064,3.14427757263184,9.69356822967529,6.8171010017395,5.96665859222412,6.17,1.35,"africa"
461,2006,1,15.5534906387329,3.02850866317749,9.15852069854736,6.89435815811157,5.99448442459106,6.17,1.35,"africa"
461,2007,0,15.5793514251709,2.68501019477844,8.26539325714111,7.05838632583618,6.10405206680298,6.17,1.35,"africa"
461,2008,1,15.6051826477051,2.86462473869324,8.41272163391113,7.0413932800293,6.30691576004028,6.17,1.35,"africa"
461,2009,1,15.6310606002808,2.43556237220764,8.54012775421143,7.09695625305176,6.28402519226074,6.17,1.35,"africa"
471,2004,1,16.6876602172852,4.98006820678711,10.6689558029175,7.28519201278687,6.82331657409668,4.06,9.71,"africa"
471,2005,1,16.7135047912598,4.64232397079468,10.7008371353149,7.34945821762085,6.85116767883301,4.06,9.71,"africa"
471,2006,1,16.7393131256104,4.76960229873657,10.7034912109375,7.38246393203735,6.90801572799683,4.06,9.71,"africa"
471,2007,0,16.7650775909424,4.77584314346313,10.7012424468994,7.3794527053833,7.01521635055542,4.06,9.71,"africa"
471,2008,1,16.7907867431641,4.51488208770752,10.6980628967285,7.33949613571167,7.12550163269043,4.06,9.71,"africa"
471,2009,0,16.816427230835,4.46999979019165,10.6969776153564,7.33741474151611,7.10607624053955,4.06,9.71,"africa"
475,2004,1,18.7281608581543,5.20088052749634,11.3986701965332,6.87096357345581,6.46774625778198,6.45,3.47,"africa"
475,2005,1,18.7541904449463,5.27620410919189,11.3772201538086,7.0034122467041,6.68808889389038,6.45,3.47,"africa"
475,2006,1,18.7805557250977,4.99525356292725,11.4760437011719,7.01574945449829,6.92223691940308,6.45,3.47,"africa"
475,2007,1,18.8072166442871,5.16802740097046,11.3886308670044,7.018310546875,7.03235483169556,6.45,3.47,"africa"
475,2008,1,18.8341674804688,4.93486261367798,11.3682584762573,7.03578424453735,7.23054075241089,6.45,3.47,"africa"
475,2009,1,18.8613910675049,4.95181369781494,11.4283580780029,7.01097011566162,7.0003809928894,6.45,3.47,"africa"
481,2004,0,14.1134834289551,4.9846773147583,9.4278678894043,7.42803478240967,8.66047477722168,0.39,9.45,"africa"
481,2005,0,14.1372060775757,5.26714134216309,9.31136131286621,7.35674524307251,8.83937454223633,0.39,9.45,"africa"
481,2006,0,14.1611595153809,5.49542570114136,9.43524265289307,7.44658613204956,8.90518093109131,0.39,9.45,"africa"
481,2007,0,14.1852712631226,5.25369119644165,9.43100070953369,7.65454959869385,9.06742858886719,0.39,9.45,"africa"
481,2008,0,14.2094717025757,5.07125043869019,9.02617740631104,7.47591829299927,9.35882759094238,0.39,9.45,"africa"
481,2009,0,14.2336645126343,5.18034744262695,8.63301849365234,7.57259225845337,9.2506103515625,0.39,9.45,"africa"
484,2004,0,15.0535564422607,4.73854446411133,8.6740255355835,7.30189180374146,7.20718145370483,-4.76999998092651,11.8699998855591,"africa"
484,2005,0,15.0804471969604,5.07197666168213,8.70417022705078,7.35270547866821,7.45170068740845,-4.76999998092651,11.8699998855591,"africa"
484,2006,0,15.109320640564,5.41076612472534,8.71538829803467,7.38452863693237,7.66419219970703,-4.76999998092651,11.8699998855591,"africa"
484,2007,0,15.1396255493164,5.0381875038147,8.81254577636719,7.42617797851562,7.59745216369629,-4.76999998092651,11.8699998855591,"africa"
484,2008,1,15.1704368591309,5.04649019241333,8.88765239715576,7.34887981414795,7.88327598571777,-4.76999998092651,11.8699998855591,"africa"
484,2009,0,15.2005910873413,4.97319030761719,9.1462287902832,7.40515422821045,7.63980293273926,-4.76999998092651,11.8699998855591,"africa"
501,2004,0,17.3661212921143,3.57282590866089,6.20657587051392,6.6185998916626,6.13947582244873,-4.04,39.66,"africa"
501,2005,0,17.3930587768555,3.64811062812805,6.28226661682129,6.44466733932495,6.26561737060547,-4.04,39.66,"africa"
501,2006,0,17.4198532104492,3.50732064247131,6.30991840362549,6.97096014022827,6.42301988601685,-4.04,39.66,"africa"
501,2007,1,17.4465579986572,3.57343506813049,6.34035921096802,6.72188901901245,6.58837366104126,-4.04,39.66,"africa"
501,2008,1,17.4732418060303,3.26852059364319,6.43935060501099,6.54965925216675,6.67491149902344,-4.04,39.66,"africa"
501,2009,1,17.4999980926514,3.13824725151062,6.43775177001953,6.51712369918823,6.65341758728027,-4.04,39.66,"africa"
510,2004,1,17.4468975067139,4.1175971031189,9.8336009979248,6.8840799331665,5.85518646240234,-6.82,39.28,"africa"
510,2005,1,17.4745597839355,4.04041337966919,9.88974380493164,6.74401235580444,5.92570066452026,-6.82,39.28,"africa"
510,2006,1,17.5029468536377,3.99180817604065,8.5688362121582,7.11830234527588,5.91230201721191,-6.82,39.28,"africa"
510,2007,1,17.5319976806641,3.99373865127563,9.56156063079834,6.92643976211548,6.04355669021606,-6.82,39.28,"africa"
510,2008,1,17.5615692138672,3.82848238945007,9.53950023651123,6.86563205718994,6.22280168533325,-6.82,39.28,"africa"
510,2009,1,17.5914783477783,3.68962812423706,9.71444320678711,6.9177417755127,6.22460269927979,-6.82,39.28,"africa"
531,2006,0,15.4319314956665,5.85483264923096,5.68357992172241,5.85679864883423,5.56336402893066,NA,NA,"africa"
531,2007,0,15.4660606384277,5.67999839782715,0,5.79463863372803,5.61553525924683,NA,NA,"africa"
540,2004,0,16.5866432189941,6.22421216964722,11.1559219360352,6.97627353668213,7.12225866317749,-8.82,13.24,"africa"
540,2005,0,16.6215572357178,6.12524843215942,10.9171047210693,6.94582748413086,7.5958137512207,-8.82,13.24,"africa"
540,2006,1,16.6558990478516,6.32975435256958,10.9916791915894,6.99020910263062,7.80657720565796,-8.82,13.24,"africa"
540,2007,1,16.6898002624512,5.99933004379272,11.2300453186035,6.97376441955566,8.14590454101562,-8.82,13.24,"africa"
540,2008,1,16.7231998443604,6.18288612365723,11.2431354522705,6.9856915473938,8.44821166992188,-8.82,13.24,"africa"
540,2009,0,16.7560806274414,6.1114649772644,11.3968858718872,6.97988271713257,8.31104183197021,-8.82,13.24,"africa"
541,2006,0,16.8876171112061,5.28195095062256,0,6.90064907073975,5.8089919090271,-19.83,34.84,"africa"
541,2008,1,16.9406261444092,5.15788316726685,0,6.8527455329895,6.0933198928833,-19.83,34.84,"africa"
541,2009,0,16.9665794372559,5.03716373443604,0,6.82720422744751,6.04787349700928,-19.83,34.84,"africa"
560,2004,0,17.6585006713867,6.78722095489502,10.3492307662964,6.32315063476562,8.44229221343994,-29.87,30.99,"africa"
560,2005,0,17.6698722839355,6.63242530822754,10.3520755767822,6.10846185684204,8.55047798156738,-29.87,30.99,"africa"
560,2006,0,17.6810913085938,6.60301160812378,10.0695104598999,6.44010305404663,8.59423160552979,-29.87,30.99,"africa"
560,2007,0,17.6920566558838,6.46688365936279,9.97487735748291,6.04608392715454,8.67574787139893,-29.87,30.99,"africa"
560,2008,0,17.7030982971191,6.41217374801636,10.0479774475098,6.10604810714722,8.62209224700928,-29.87,30.99,"africa"
560,2009,0,17.7138423919678,6.35885810852051,10.0176191329956,6.18617916107178,8.64620494842529,-29.87,30.99,"africa"
565,2004,0,14.5103158950806,6.78367233276367,8.84750366210938,5.81694793701172,8.08127975463867,-22.95,14.5,"africa"
565,2005,0,14.5220804214478,6.81334590911865,9.15440464019775,5.62048625946045,8.15797138214111,-22.95,14.5,"africa"
565,2006,0,14.534779548645,6.65228271484375,9.36981964111328,6.05717468261719,8.23374176025391,-22.95,14.5,"africa"
565,2007,0,14.5482149124146,6.66871881484985,8.82761478424072,5.47192907333374,8.31417179107666,-22.95,14.5,"africa"
565,2008,0,14.5625734329224,6.56539249420166,7.96728038787842,5.85720300674438,8.311598777771,-22.95,14.5,"africa"
565,2009,0,14.5779495239258,6.61714649200439,9.11493015289307,5.62468671798706,8.31768321990967,-22.95,14.5,"africa"
580,2004,1,16.69264793396,5.46327066421509,8.98819637298584,7.35366725921631,5.52708101272583,-18.15,49.4,"africa"
580,2005,1,16.7218856811523,5.53349304199219,8.99293041229248,7.23719167709351,5.64086246490479,-18.15,49.4,"africa"
580,2006,0,16.7507553100586,5.51019859313965,8.97676753997803,7.24106311798096,5.70145988464355,-18.15,49.4,"africa"
580,2007,1,16.7792892456055,5.4678111076355,9.06992816925049,7.2345175743103,5.95808601379395,-18.15,49.4,"africa"
580,2008,0,16.8075752258301,5.34606122970581,8.83637428283691,7.12726402282715,6.17706203460693,-18.15,49.4,"africa"
580,2009,0,16.8357257843018,5.22426795959473,8.8362283706665,7.13142490386963,6.05199432373047,-18.15,49.4,"africa"
581,2004,0,13.2800321578979,3.23206996917725,9.01796817779541,7.70569658279419,6.36140823364258,-11.7399997711182,43.2299995422363,"africa"
581,2008,0,13.3836364746094,3.21667695045471,9.52566146850586,7.55871248245239,6.63404226303101,-11.7399997711182,43.2299995422363,"africa"
590,2004,0,14.0252733230591,2.58424139022827,6.18620872497559,7.4345760345459,8.57193946838379,-20.17,57.51,"africa"
590,2005,0,14.033242225647,2.75155019760132,6.28413438796997,7.54039764404297,8.5492992401123,-20.17,57.51,"africa"
590,2006,0,14.040810585022,2.81067371368408,5.85793304443359,7.47603702545166,8.57815647125244,-20.17,57.51,"africa"
590,2007,0,14.0469417572021,2.5895676612854,6.1441855430603,7.42208766937256,8.71740531921387,-20.17,57.51,"africa"
590,2008,0,14.0533971786499,2.47043085098267,6.22653675079346,7.52267932891846,8.92392539978027,-20.17,57.51,"africa"
590,2009,0,14.058482170105,2.44350028038025,6.39526176452637,7.46166706085205,8.82930564880371,-20.17,57.51,"africa"
600,2004,0,17.2118911743164,5.32117652893066,13.5399255752563,5.72144651412964,7.54596042633057,35.79,-5.81,"africa"
600,2005,1,17.2208805084229,5.28487396240234,13.5213947296143,5.36024808883667,7.57993650436401,35.79,-5.81,"africa"
600,2006,0,17.2297916412354,5.25310325622559,13.3857574462891,5.74266910552979,7.66761350631714,35.79,-5.81,"africa"
600,2007,1,17.2387008666992,5.33937120437622,13.405198097229,5.46339130401611,7.79386711120605,35.79,-5.81,"africa"
600,2008,1,17.2480506896973,5.22463607788086,13.5845708847046,5.85690975189209,7.95073080062866,35.79,-5.81,"africa"
600,2009,0,17.2583789825439,5.22298955917358,13.7273969650269,5.97071266174316,7.96334600448608,35.79,-5.81,"africa"
615,2004,0,17.3259010314941,3.96885752677917,11.4780855178833,4.94201803207397,7.87627458572388,36.87,6.9,"africa"
615,2005,0,17.3407211303711,3.95741987228394,11.5568752288818,4.64832067489624,8.05128574371338,36.87,6.9,"africa"
615,2006,0,17.3566780090332,3.99967551231384,11.6674900054932,4.59131717681885,8.16339874267578,36.87,6.9,"africa"
615,2007,0,17.3736267089844,4.08414030075073,11.5253582000732,4.59066009521484,8.29071140289307,36.87,6.9,"africa"
615,2008,0,17.3913726806641,3.94806623458862,11.2841911315918,4.63134622573853,8.51473712921143,36.87,6.9,"africa"
615,2009,0,17.4096202850342,4.08483028411865,11.3480033874512,4.75046300888062,8.28197383880615,36.87,6.9,"africa"
616,2004,0,16.1113128662109,4.63797807693481,10.7873373031616,6.00740098953247,8.06384754180908,36.77,10.28,"africa"
616,2005,0,16.1209907531738,4.60689830780029,10.8419704437256,5.55879402160645,8.08820343017578,36.77,10.28,"africa"
616,2006,0,16.1308040618896,4.66662549972534,10.8940134048462,5.6493034362793,8.14076614379883,36.77,10.28,"africa"
616,2007,0,16.1403560638428,4.5267186164856,10.8089799880981,5.65547513961792,8.25346660614014,36.77,10.28,"africa"
616,2008,0,16.1504554748535,4.52334451675415,10.8147859573364,5.25480222702026,8.38328838348389,36.77,10.28,"africa"
616,2009,0,16.1611175537109,4.46268701553345,10.7929410934448,5.77229785919189,8.3427267074585,36.77,10.28,"africa"
620,2004,0,15.5215301513672,3.70018482208252,9.76995658874512,4.1410493850708,8.68094444274902,32.87,13.18,"africa"
620,2005,0,15.5372858047485,3.56753969192505,9.79812717437744,3.60833978652954,8.97177886962891,32.87,13.18,"africa"
620,2006,0,15.5536012649536,3.73184776306152,9.82552623748779,3.83012771606445,9.14259243011475,32.87,13.18,"africa"
620,2007,0,15.5702791213989,3.65315222740173,10.0105018615723,3.75962209701538,9.25001239776611,32.87,13.18,"africa"
620,2008,0,15.5865240097046,3.60505270957947,10.413613319397,3.84226608276367,9.49044895172119,32.87,13.18,"africa"
620,2009,0,15.6013069152832,3.54764223098755,9.93788909912109,3.71060037612915,9.14664173126221,32.87,13.18,"africa"
630,2004,0,18.0545635223389,6.66993427276611,10.9456701278687,5.46336221694946,7.81494283676147,27.1158657073975,56.0584678649902,"asia"
630,2005,0,18.0661811828613,6.67461585998535,10.8383445739746,5.23216676712036,7.9889612197876,27.1158657073975,56.0584678649902,"asia"
630,2006,1,18.07785987854,6.58675527572632,10.7817649841309,5.41058444976807,8.14680099487305,27.1158657073975,56.0584678649902,"asia"
630,2007,1,18.0895233154297,6.38803005218506,9.98801231384277,5.32299470901489,8.38241577148438,27.1158657073975,56.0584678649902,"asia"
630,2008,0,18.1013145446777,6.59017705917358,10.2081737518311,5.10946178436279,8.51698970794678,27.1158657073975,56.0584678649902,"asia"
630,2009,0,18.1133804321289,6.62102842330933,10.4095220565796,5.31575393676758,8.52390003204346,27.1158657073975,56.0584678649902,"asia"
640,2004,0,18.0178966522217,5.86220216751099,12.9068727493286,6.44108629226685,8.67120742797852,40.97,28.68,"asia"
640,2005,0,18.0312328338623,5.6736741065979,12.2670783996582,6.29885244369507,8.86613178253174,40.97,28.68,"asia"
640,2006,0,18.0441875457764,5.71655368804932,12.7385225296021,6.25301742553711,8.9473352432251,40.97,28.68,"asia"
640,2007,0,18.0567874908447,5.54744672775269,13.0727338790894,6.19545125961304,9.13192558288574,40.97,28.68,"asia"
640,2008,0,18.069185256958,5.73098516464233,12.7962675094604,6.02160978317261,9.23964023590088,40.97,28.68,"asia"
640,2009,0,18.0815811157227,5.62833309173584,12.7321434020996,6.4300594329834,9.05414962768555,40.97,28.68,"asia"
651,2004,0,18.0724182128906,4.30672597885132,10.4830179214478,3.53597068786621,6.99123859405518,31.26,32.29,"africa"
651,2005,0,18.0890846252441,4.27179431915283,10.5431280136108,2.55629873275757,7.14908504486084,31.26,32.29,"africa"
651,2006,0,18.105842590332,4.2866358757019,10.3978481292725,2.7271249294281,7.262451171875,31.26,32.29,"africa"
651,2007,1,18.122673034668,4.39395999908447,10.7171478271484,2.93684482574463,7.44876289367676,31.26,32.29,"africa"
651,2008,0,18.1395359039307,4.24188947677612,10.6508626937866,2.67026305198669,7.65190982818604,31.26,32.29,"africa"
651,2009,0,18.1563892364502,4.14547204971313,10.5589590072632,2.4483630657196,7.76560544967651,31.26,32.29,"africa"
652,2004,0,16.6877193450928,1.59610748291016,7.07411670684814,6.0813889503479,7.21765804290771,35.54,35.81,"asia"
652,2005,0,16.7151374816895,1.57978248596191,7.35755634307861,5.57464170455933,7.33712673187256,35.54,35.81,"asia"
652,2006,0,16.7496280670166,1.6374888420105,7.14913177490234,5.67707777023315,7.46729707717896,35.54,35.81,"asia"
652,2007,0,16.7890720367432,1.66850650310516,7.08840894699097,5.5230131149292,7.64219808578491,35.54,35.81,"asia"
652,2008,0,16.8283977508545,1.60900175571442,7.04228639602661,5.33055639266968,7.88934373855591,35.54,35.81,"asia"
652,2009,0,16.8615341186523,1.50843453407288,6.9697904586792,5.61556148529053,7.900390625,35.54,35.81,"asia"
660,2005,0,15.1985158920288,1.96962666511536,6.43775177001953,6.24200820922852,8.59313106536865,33.88,35.5,"asia"
660,2006,0,15.2215642929077,1.88835060596466,6.44254016876221,6.17106866836548,8.6081657409668,33.88,35.5,"asia"
660,2007,0,15.2361612319946,1.84378099441528,6.44254016876221,6.20302200317383,8.7094669342041,33.88,35.5,"asia"
660,2008,0,15.2472772598267,1.81023108959198,6.44254016876221,5.8002610206604,8.88444900512695,33.88,35.5,"asia"
660,2009,0,15.2617053985596,1.75653123855591,6.44254016876221,6.33065128326416,9.0186882019043,33.88,35.5,"asia"
663,2004,0,15.4813289642334,-0.920549809932709,3.68887948989868,5.23434734344482,7.69171571731567,29.53,35,"asia"
663,2005,0,15.5039443969727,-1.03226292133331,3.68887948989868,4.67760992050171,7.76495170593262,29.53,35,"asia"
663,2006,0,15.526782989502,-0.963356137275696,3.52636051177979,4.79649591445923,7.9157338142395,29.53,35,"asia"
663,2008,0,15.570951461792,-0.863793194293976,3.58351898193359,4.56154632568359,8.23130130767822,29.53,35,"asia"
666,2004,0,15.7337560653687,2.17120671272278,5.55682802200317,6.28101301193237,9.88119888305664,32.82,34.99,"asia"
666,2005,0,15.7513847351074,2.21137833595276,6.2005090713501,5.91920948028564,9.91759395599365,32.82,34.99,"asia"
666,2006,0,15.7690629959106,2.15438199043274,5.91889381408691,5.81124830245972,9.97748470306396,32.82,34.99,"asia"
666,2007,0,15.7868242263794,2.19777226448059,6.31896829605103,5.81033706665039,10.0919799804688,32.82,34.99,"asia"
666,2008,0,15.8045892715454,2.11740899085999,6.2672004699707,5.55540990829468,10.2553272247314,32.82,34.99,"asia"
666,2009,0,15.8284921646118,2.04210948944092,6.06842565536499,6.00230360031128,10.1975507736206,32.82,34.99,"asia"
670,2004,0,16.9868431091309,5.96750450134277,8.03592681884766,4.87617158889771,9.28582572937012,21.5,39.17,"asia"
670,2005,0,17.0219116210938,5.84805202484131,8.08610248565674,4.85763597488403,9.48240947723389,21.5,39.17,"asia"
670,2006,0,17.0491542816162,5.73911476135254,8.11072731018066,4.84728527069092,9.57363510131836,21.5,39.17,"asia"
670,2007,0,17.0703563690186,5.67820024490356,8.02975845336914,4.73311614990234,9.6220064163208,21.5,39.17,"asia"
670,2008,0,17.0875988006592,5.61933469772339,8.02322483062744,4.70957946777344,9.80932807922363,21.5,39.17,"asia"
670,2009,0,17.1037769317627,5.61939430236816,8.06871604919434,4.71133899688721,9.55044269561768,21.5,39.17,"asia"
679,2004,0,16.7916870117188,6.18008804321289,10.3608493804932,4.94396686553955,6.65905570983887,12.79,45.03,"asia"
679,2005,0,16.8182010650635,5.92865562438965,10.191294670105,4.87126016616821,6.82670879364014,12.79,45.03,"asia"
679,2006,0,16.8437938690186,5.86234569549561,9.88236618041992,4.94800090789795,6.97691631317139,12.79,45.03,"asia"
679,2007,0,16.8686695098877,5.61715650558472,9.69258117675781,4.90340137481689,7.06303215026855,12.79,45.03,"asia"
679,2008,0,16.8929882049561,5.56497383117676,9.53914070129395,4.87823438644409,7.20298004150391,12.79,45.03,"asia"
679,2009,0,16.9169368743896,5.54487657546997,9.6237735748291,4.84720802307129,7.09473180770874,12.79,45.03,"asia"
690,2004,0,14.6023607254028,4.19173526763916,5.09375,4.89773082733154,10.2090005874634,29.35,47.95,"asia"
690,2005,0,14.6468162536621,4.13492250442505,5.28826713562012,4.5092601776123,10.4825677871704,29.35,47.95,"asia"
690,2006,0,14.6982221603394,4.24862861633301,5.42495012283325,4.90924215316772,10.6733665466309,29.35,47.95,"asia"
690,2007,0,14.7535314559937,4.15889120101929,4.99721240997314,4.57061338424683,10.7543153762817,29.35,47.95,"asia"
690,2008,0,14.8095846176147,4.05831813812256,5.17614984512329,4.17298889160156,10.9653253555298,29.35,47.95,"asia"
690,2009,0,14.862865447998,3.97782397270203,5.13579845428467,4.51059865951538,10.5977334976196,29.35,47.95,"asia"
692,2004,0,13.6176748275757,3.72707915306091,7.55118703842163,4.77159881591797,9.72466659545898,26.25,50.6500015258789,"asia"
692,2005,0,13.6871471405029,3.94888591766357,7.49831581115723,3.8714656829834,9.82925891876221,26.25,50.6500015258789,"asia"
692,2006,0,13.7652177810669,3.82713937759399,7.87815523147583,4.12769556045532,9.88001823425293,26.25,50.6500015258789,"asia"
692,2007,0,13.8473510742188,3.93706560134888,7.43661737442017,4.25569534301758,9.90120601654053,26.25,50.6500015258789,"asia"
692,2008,0,13.9252958297729,3.7572968006134,7.38585090637207,3.15297627449036,9.95460319519043,26.25,50.6500015258789,"asia"
692,2009,0,13.9907560348511,3.89299297332764,7.22402477264404,3.92090439796448,9.7277135848999,26.25,50.6500015258789,"asia"
694,2004,0,13.4875383377075,4.56686592102051,6.06842565536499,4.56752300262451,10.7004175186157,25.2999992370605,51.5099983215332,"asia"
694,2005,0,13.6184720993042,4.65300703048706,6.48920488357544,3.94208335876465,10.9011783599854,25.2999992370605,51.5099983215332,"asia"
694,2006,0,13.7825765609741,4.40450143814087,6.2672004699707,4.12528991699219,11.0385942459106,25.2999992370605,51.5099983215332,"asia"
694,2007,0,13.9574089050293,4.44389867782593,6.24610662460327,4.20262956619263,11.1221942901611,25.2999992370605,51.5099983215332,"asia"
694,2008,0,14.1223440170288,4.42141532897949,6.09807443618774,3.2637026309967,11.3213787078857,25.2999992370605,51.5099983215332,"asia"
694,2009,0,14.262809753418,4.48973608016968,6.04500532150269,3.9947452545166,11.0220584869385,25.2999992370605,51.5099983215332,"asia"
696,2004,0,15.1126070022583,5.57793807983398,9.2610330581665,4.51938629150391,10.6068525314331,25.27,55.33,"asia"
696,2005,0,15.2383499145508,5.36340951919556,9.35919094085693,4.30903577804565,10.7006511688232,25.27,55.33,"asia"
696,2006,0,15.3997621536255,5.25165319442749,9.03360366821289,4.58300447463989,10.7706727981567,25.27,55.33,"asia"
696,2007,0,15.5729112625122,5.13742828369141,8.7872200012207,4.20716857910156,10.7729654312134,25.27,55.33,"asia"
696,2008,0,15.732232093811,5.43191242218018,8.62712287902832,3.85505056381226,10.8329658508301,25.27,55.33,"asia"
696,2009,0,15.8591070175171,5.10788202285767,7.78197336196899,4.43873596191406,10.5302801132202,25.27,55.33,"asia"
698,2004,0,14.7172966003418,6.53036117553711,10.2516765594482,3.83262586593628,9.24709129333496,17.02,54.09,"asia"
698,2005,0,14.7406911849976,6.41280889511108,10.1258306503296,4.0831446647644,9.45098114013672,17.02,54.09,"asia"
698,2006,0,14.7535257339478,6.57494401931763,9.9133882522583,4.29713153839111,9.60083675384521,17.02,54.09,"asia"
698,2007,1,14.7593145370483,6.10425329208374,10.0449867248535,4.06436014175415,9.7025899887085,17.02,54.09,"asia"
698,2008,0,14.7685279846191,6.45480966567993,9.14750671386719,3.61291217803955,10.0409488677979,17.02,54.09,"asia"
698,2009,1,14.7950477600098,6.24337959289551,9.08284759521484,4.00420236587524,9.75729465484619,17.02,54.09,"asia"
710,2004,1,20.9826068878174,7.42481374740601,15.2053575515747,6.24082231521606,7.3266863822937,31.23,121.47,"asia"
710,2005,1,20.9884872436523,7.49494695663452,15.1871385574341,6.37632179260254,7.48291826248169,31.23,121.47,"asia"
710,2006,1,20.9940719604492,7.5362491607666,15.1787157058716,6.30877828598022,7.67684936523438,31.23,121.47,"asia"
710,2007,0,20.9992942810059,7.4998836517334,15.1383399963379,6.31960964202881,7.89767503738403,31.23,121.47,"asia"
710,2008,0,21.0044174194336,7.43200445175171,15.195611000061,6.39262104034424,8.15249538421631,31.23,121.47,"asia"
710,2009,1,21.009391784668,7.21336650848389,15.0976858139038,6.28884696960449,8.25959968566895,31.23,121.47,"asia"
731,2004,0,16.978422164917,5.86751079559326,11.0508899688721,6.83311319351196,6.15905284881592,39.1599998474121,127.430000305176,"asia"
731,2005,0,16.9857559204102,5.78286170959473,11.0508899688721,6.93992710113525,6.3070707321167,39.1599998474121,127.430000305176,"asia"
731,2006,0,16.9923095703125,5.85503101348877,11.0508899688721,6.95215463638306,6.35607671737671,39.1599998474121,127.430000305176,"asia"
731,2007,0,16.9982204437256,5.79346561431885,11.0508899688721,6.91667604446411,6.3941912651062,39.1599998474121,127.430000305176,"asia"
731,2008,0,17.0036754608154,5.70611763000488,11.0508899688721,6.76945924758911,6.31435918807983,39.1599998474121,127.430000305176,"asia"
731,2009,0,17.008939743042,5.70932769775391,11.0508899688721,6.82455062866211,6.20703887939453,39.1599998474121,127.430000305176,"asia"
740,2004,0,18.6656723022461,6.86043262481689,14.2614402770996,7.44338703155518,10.5149736404419,35.67,139.77,"asia"
740,2005,0,18.6657657623291,6.80290937423706,14.3059368133545,7.23239660263062,10.496036529541,35.67,139.77,"asia"
740,2006,0,18.6656322479248,6.85781812667847,14.3769016265869,7.46176338195801,10.4472732543945,35.67,139.77,"asia"
740,2007,0,18.6657485961914,6.65779733657837,14.226110458374,7.2418909072876,10.4467792510986,35.67,139.77,"asia"
740,2008,0,18.665225982666,6.66152048110962,14.2685508728027,7.29374742507935,10.5537261962891,35.67,139.77,"asia"
740,2009,0,18.6640815734863,6.61778259277344,14.1882791519165,7.36183929443359,10.5913009643555,35.67,139.77,"asia"
750,2004,1,20.8281898498535,6.93172740936279,11.9245643615723,6.98854351043701,6.45692920684814,18.95,72.95,"asia"
750,2005,1,20.8429527282715,6.99816370010376,11.9264249801636,7.11070823669434,6.59935426712036,18.95,72.95,"asia"
750,2006,1,20.8571758270264,6.89235210418701,11.9642171859741,7.07446241378784,6.70839786529541,18.95,72.95,"asia"
750,2007,1,20.8709049224854,6.87240123748779,12.2427616119385,7.1122145652771,6.93476343154907,18.95,72.95,"asia"
750,2008,1,20.8842468261719,6.81805324554443,12.2761631011963,7.09965181350708,6.99090194702148,18.95,72.95,"asia"
750,2009,1,20.8973350524902,6.7462420463562,12.2640962600708,6.94903564453125,7.00719976425171,18.95,72.95,"asia"
770,2004,0,18.8599128723145,5.95336675643921,11.0148839950562,5.49143075942993,6.43165969848633,24.86,67.01,"asia"
770,2005,0,18.8779239654541,6.12006855010986,10.9387693405151,5.65527868270874,6.53438758850098,24.86,67.01,"asia"
770,2006,0,18.8963298797607,6.0411524772644,10.9675769805908,5.72005033493042,6.66326332092285,24.86,67.01,"asia"
770,2007,0,18.9149398803711,5.80557727813721,10.9182834625244,5.98217725753784,6.76656818389893,24.86,67.01,"asia"
770,2008,0,18.9335536956787,5.69250106811523,10.9261903762817,5.83642482757568,6.76713943481445,24.86,67.01,"asia"
770,2009,0,18.9518623352051,5.70558595657349,10.8587493896484,5.4339427947998,6.81708526611328,24.86,67.01,"asia"
780,2004,0,16.7825870513916,4.87085390090942,11.4066982269287,7.41879415512085,6.95996236801147,6.93,79.85,"asia"
780,2005,0,16.7932815551758,4.84049892425537,10.8149061203003,7.57150554656982,7.11476707458496,6.93,79.85,"asia"
780,2006,1,16.8041172027588,4.83321714401245,11.430326461792,7.58415842056274,7.25107192993164,6.93,79.85,"asia"
780,2007,1,16.8131904602051,4.73615789413452,11.4774951934814,7.47029972076416,7.37512254714966,6.93,79.85,"asia"
780,2008,1,16.8220348358154,4.66358947753906,11.5111541748047,7.5561203956604,7.5951771736145,6.93,79.85,"asia"
780,2009,0,16.8334941864014,4.46695327758789,11.6108055114746,7.52794456481934,7.61835861206055,6.93,79.85,"asia"
800,2004,1,17.9912414550781,5.38352727890015,13.1283931732178,7.27880001068115,7.86838054656982,13.08,100.88,"asia"
800,2005,1,17.9984683990479,5.30531692504883,13.1509990692139,7.33197927474976,7.94730806350708,13.08,100.88,"asia"
800,2006,1,18.0034065246582,5.25182056427002,13.0863590240479,7.37744426727295,8.09632301330566,13.08,100.88,"asia"
800,2007,1,18.0063304901123,5.40173387527466,12.9773464202881,7.35995292663574,8.25892448425293,13.08,100.88,"asia"
800,2008,0,18.0079689025879,5.26160526275635,12.8551273345947,7.40640830993652,8.35397624969482,13.08,100.88,"asia"
800,2009,1,18.0093593597412,5.15326452255249,12.8812675476074,7.35884094238281,8.30973148345947,13.08,100.88,"asia"
820,2004,1,17.0488834381104,6.47367191314697,12.4018983840942,7.86208438873291,8.53149700164795,3.04,101.45,"asia"
820,2005,1,17.0675678253174,6.2966775894165,12.2426357269287,7.91495132446289,8.61238574981689,3.04,101.45,"asia"
820,2006,1,17.086109161377,6.29985809326172,12.24489402771,8.07368469238281,8.71922016143799,3.04,101.45,"asia"
820,2007,1,17.1044273376465,6.46207189559937,12.4064064025879,8.06584358215332,8.87555980682373,3.04,101.45,"asia"
820,2008,1,17.1224842071533,6.38853406906128,12.6250295639038,8.16024494171143,9.0350980758667,3.04,101.45,"asia"
820,2009,1,17.1401977539062,6.17746257781982,12.6340780258179,8.08713626861572,8.88690090179443,3.04,101.45,"asia"
830,2004,1,15.2426347732544,3.84900856018066,5.14166355133057,7.86744070053101,10.2069082260132,1.3,103.85,"asia"
830,2005,1,15.2661399841309,3.69386386871338,4.96981334686279,7.78490686416626,10.288818359375,1.3,103.85,"asia"
830,2006,1,15.2974328994751,3.69905948638916,5.25749540328979,7.81771421432495,10.4057559967041,1.3,103.85,"asia"
830,2007,1,15.3390855789185,3.7003059387207,5.35658645629883,7.91117143630981,10.5644063949585,1.3,103.85,"asia"
830,2008,1,15.3923015594482,3.73131942749023,4.72738790512085,7.89412117004395,10.5917778015137,1.3,103.85,"asia"
830,2009,0,15.4224653244019,3.76637601852417,5.00394630432129,7.82707357406616,10.5330448150635,1.3,103.85,"asia"
840,2004,1,18.2490768432617,6.28654384613037,13.712423324585,7.72278547286987,6.99262285232544,14.62,120.97,"asia"
840,2005,0,18.2677764892578,6.25675582885742,13.7567338943481,7.73695945739746,7.09412002563477,14.62,120.97,"asia"
840,2006,1,18.285623550415,6.15744209289551,13.7058744430542,7.8214054107666,7.24625873565674,14.62,120.97,"asia"
840,2007,1,18.3027477264404,6.13618755340576,13.8195676803589,7.79486227035522,7.42938852310181,14.62,120.97,"asia"
840,2008,1,18.3194370269775,6.06346654891968,13.8798179626465,8.08598709106445,7.56620025634766,14.62,120.97,"asia"
840,2009,1,18.3360633850098,5.89013147354126,13.9271831512451,7.98495149612427,7.51515293121338,14.62,120.97,"asia"
850,2004,1,19.2150020599365,8.11944675445557,13.4125280380249,7.82858943939209,7.04184627532959,-6.18,106.83,"asia"
850,2005,1,19.2293014526367,8.13374519348145,13.3631315231323,7.84928607940674,7.13700294494629,-6.18,106.83,"asia"
850,2006,1,19.2435817718506,8.13763904571533,13.4428453445435,7.85153913497925,7.36875009536743,-6.18,106.83,"asia"
850,2007,1,19.2578105926514,8.14083003997803,13.525276184082,7.97006368637085,7.52795696258545,-6.18,106.83,"asia"
850,2008,1,19.2718715667725,8.02905750274658,13.5953454971313,8.00251007080078,7.68323659896851,-6.18,106.83,"asia"
850,2009,1,19.285623550415,7.78353357315063,13.6052980422974,7.87158441543579,7.72873878479004,-6.18,106.83,"asia"
900,2004,0,16.8175926208496,7.41045093536377,10.8269529342651,6.27760982513428,10.4248933792114,-37.81,144.96,"oceania"
900,2005,0,16.8307914733887,7.42798471450806,11.0489196777344,6.1318507194519,10.5249671936035,-37.81,144.96,"oceania"
900,2006,0,16.8455429077148,7.36376905441284,10.6683740615845,6.22442626953125,10.5793752670288,-37.81,144.96,"oceania"
900,2007,0,16.8607902526855,7.38389110565186,10.6559648513794,6.22638416290283,10.7491588592529,-37.81,144.96,"oceania"
900,2008,0,16.8781719207764,7.34799671173096,10.6200580596924,6.27779102325439,10.7959489822388,-37.81,144.96,"oceania"
900,2009,0,16.896448135376,7.30288124084473,10.5894336700439,6.26369047164917,10.7376089096069,-37.81,144.96,"oceania"
910,2004,0,15.5986433029175,6.29464912414551,10.2699003219604,8.01268482208252,6.55418539047241,-6.72,146.99,"oceania"
910,2005,0,15.6231365203857,6.32323789596558,10.8603248596191,8.03297710418701,6.68252754211426,-6.72,146.99,"oceania"
910,2006,0,15.6474189758301,6.33497762680054,10.6729936599731,8.07886981964111,6.78575277328491,-6.72,146.99,"oceania"
910,2007,1,15.6714372634888,6.29739952087402,10.6960048675537,8.05895805358887,6.89901447296143,-6.72,146.99,"oceania"
910,2008,0,15.6951093673706,6.32375860214233,10.8923225402832,8.04028034210205,7.10787105560303,-6.72,146.99,"oceania"
910,2009,0,15.7183389663696,6.1648998260498,10.727575302124,8.08298587799072,7.09765243530273,-6.72,146.99,"oceania"
920,2004,0,15.2234439849854,6.5347204208374,12.1066112518311,7.16786193847656,10.1223011016846,-36.85,174.76,"oceania"
920,2005,0,15.2347316741943,6.53675222396851,12.118971824646,6.98575735092163,10.2230348587036,-36.85,174.76,"oceania"
920,2006,0,15.2469215393066,6.50781488418579,11.9289150238037,7.07319927215576,10.1781826019287,-36.85,174.76,"oceania"
920,2007,0,15.2573108673096,6.50895977020264,11.9158344268799,6.96236228942871,10.3719100952148,-36.85,174.76,"oceania"
920,2008,0,15.26686668396,6.41382694244385,11.8728837966919,6.98656702041626,10.3250904083252,-36.85,174.76,"oceania"
920,2009,0,15.277792930603,6.42305660247803,11.8188209533691,7.041663646698,10.2193298339844,-36.85,174.76,"oceania"
940,2004,0,13.0342464447021,5.22636556625366,9.11018848419189,8.10384750366211,6.67906379699707,-9.43000030517578,159.910003662109,"oceania"
940,2005,0,13.0590105056763,5.18600463867188,8.79936027526855,8.08127212524414,6.81800365447998,-9.43000030517578,159.910003662109,"oceania"
940,2006,0,13.0830926895142,5.15949392318726,9.16429615020752,8.13284778594971,6.88297176361084,-9.43000030517578,159.910003662109,"oceania"
940,2007,0,13.1065349578857,5.10792064666748,8.7866096496582,8.09776401519775,6.94646787643433,-9.43000030517578,159.910003662109,"oceania"
940,2008,0,13.1294202804565,5.02688932418823,8.95531940460205,8.11924934387207,7.08341884613037,-9.43000030517578,159.910003662109,"oceania"
940,2009,0,13.1518526077271,4.94080829620361,9.00368499755859,8.17333126068115,7.03921842575073,-9.43000030517578,159.910003662109,"oceania"
950,2004,0,13.6158332824707,4.39200115203857,9.67721366882324,7.38089561462402,8.13175201416016,NA,NA,"oceania"
950,2005,0,13.6200847625732,4.3752965927124,9.34049129486084,7.40291881561279,8.20389556884766,NA,NA,"oceania"
950,2006,0,13.6268405914307,4.43757295608521,9.58486461639404,7.55098915100098,8.22865104675293,NA,NA,"oceania"
950,2007,0,13.6356563568115,4.45196723937988,9.14238262176514,7.93711614608765,8.31300163269043,NA,NA,"oceania"
950,2008,0,13.64573097229,4.31391716003418,9.30583190917969,7.70346164703369,8.3560266494751,NA,NA,"oceania"
950,2009,0,13.6559038162231,4.13411617279053,9.20028972625732,7.95105743408203,8.12596702575684,NA,NA,"oceania"
